Filename,Status
‡∏û‡∏≤‡∏ß‡πÄ‡∏ß‡∏≠‡∏£‡πå‡πÅ‡∏ö‡∏á‡∏Ñ‡πå_1743259109.jpg,Fail
Eloop_EW56_Magnetic_7000mAh_‡πÅ‡∏ö‡∏ï‡∏™‡∏≥‡∏£‡∏≠‡∏á‡πÑ‡∏£‡πâ‡∏™‡∏≤‡∏¢_‡∏°‡∏µ‡∏Ç‡∏≤‡∏ï‡∏±‡πâ‡∏á‡πÉ‡∏ô‡∏ï‡∏±‡∏ß_Battery_Pack_PowerBank_1743255164.jpg,Fail
‡∏û‡∏≤‡∏ß‡πÄ‡∏ß‡∏≠‡∏£‡πå‡πÅ‡∏ö‡∏á‡∏Ñ‡πå_Asaki‡πÅ‡∏ó‡πâ_1743248041.jpg,Fail
Power_bank_10000mah._Orsen_&_xiaomi_1743243232.jpg,Fail
HOCO_DK6-A13_Wireless_powerbank_10000mAh_‡∏ä‡∏≤‡∏£‡πå‡∏à‡πÄ‡∏£‡πá‡∏ß_22.5W_‡∏°‡∏µ‡∏™‡∏≤‡∏¢‡πÉ‡∏ô‡∏ï‡∏±‡∏ß_‡∏ä‡∏≤‡∏£‡πå‡∏à‡πÑ‡∏£‡πâ‡∏™‡∏≤‡∏¢‡πÑ‡∏î‡πâ_‡∏°‡∏µ_‡∏°‡∏≠‡∏Å._1743251721.jpg,Fail
‡∏û‡∏≤‡∏ß‡πÄ‡∏ß‡∏≠‡∏£‡πå‡πÅ‡∏ö‡∏á‡∏Ñ‡πå_10000_mAh_1743242017.jpg,Fail
üî•‡πÇ‡∏õ‡∏£‡πÇ‡∏°‡∏ä‡∏±‡πà‡∏ôüî•POWER_BANK_MODEL___D-Power_GC314_Pro_10000mAh_‡∏£‡∏≠‡∏á‡∏£‡∏±‡∏ö_Fast_Charge‡∏Ñ‡∏£‡∏ö‡∏ó‡∏∏‡∏Å‡∏≠‡∏¢‡πà‡∏≤‡∏á‡πÉ‡∏ô‡∏≠‡∏±‡∏ô‡πÄ‡∏î‡∏µ‡∏¢‡∏ß_1743250133.jpg,Fail
powerbank_10000mah_‡∏°‡∏µ_‡∏°‡∏≠‡∏Å._1743245837.jpg,Fail
‡∏û‡∏≤‡∏ß‡πÄ‡∏ß‡∏≠‡∏£‡πå‡πÅ‡∏ö‡∏á‡∏Ñ‡πå_1743245326.jpg,Fail
ACMIC_APC20-02PD_Powerbank_20000mAh_‡∏û‡∏≤‡∏ß‡πÄ‡∏ß‡∏≠‡∏£‡πå‡πÅ‡∏ö‡∏á‡∏Ñ‡πå_3in1_‡∏ä‡∏≤‡∏£‡πå‡∏à‡πÄ‡∏£‡πá‡∏ßPD20W_‡∏™‡∏≤‡∏¢‡∏ä‡∏≤‡∏£‡πå‡∏à_‡∏Ç‡∏≤‡∏õ‡∏•‡∏±‡πä‡∏Å‡πÉ‡∏ô‡∏ï‡∏±‡∏ß_1743254330.jpg,Fail
‡∏°‡∏¥‡∏ô‡∏¥‡∏û‡∏≤‡∏ß‡πÄ‡∏ß‡∏≠‡∏£‡πå‡πÅ‡∏ö‡∏á‡∏Ñ‡πå‡πÅ‡∏Ñ‡∏õ‡∏ã‡∏π‡∏•_5000mAh_‡∏°‡∏µ2‡∏´‡∏±‡∏ß‡∏ä‡∏≤‡∏£‡πå‡∏à_‡∏°‡∏µ4‡∏™‡∏µ_1743241647.jpg,Fail
‡∏û‡∏≤‡∏ß‡πÄ‡∏ß‡∏≠‡∏£‡πå‡πÅ‡∏ö‡∏á‡∏Ñ‡πå_1743242925.jpg,Fail
‡∏û‡∏≤‡∏ß‡πÄ‡∏ß‡∏≠‡∏£‡πå‡πÅ‡∏ö‡∏á‡∏Ñ‡πå_1743242931.jpg,Fail
‡∏û‡∏≤‡∏ß‡πÄ‡∏ß‡∏≠‡∏£‡πå‡πÅ‡∏ö‡∏á‡∏Ñ‡πå+‡∏´‡∏π‡∏ü‡∏±‡∏á_1743249841.jpg,Fail
‡∏´‡∏π‡∏ü‡∏±‡∏á‡∏ö‡∏•‡∏π‡∏ó‡∏π‡∏ò_‡∏Ñ‡∏π‡πà_‡πÅ‡∏ö‡∏ï‡∏™‡∏≥‡∏£‡∏≠‡∏á_Asaki_1743244562.jpg,Fail
‡∏Ç‡∏≤‡∏¢‡∏Ñ‡∏£‡∏±‡∏ö_power_bank_10000_‡πÅ‡∏≠‡∏°_‡∏¢‡∏±‡∏á‡πÑ‡∏°‡πà‡πÄ‡∏Ñ‡∏¢‡πÅ‡∏Å‡∏∞‡πÉ‡∏ä‡πâ‡∏á‡∏≤‡∏ô‡∏≠‡∏¢‡∏π‡πà‡πÉ‡∏ô‡∏Å‡∏•‡πà‡∏≠‡∏á_1743253994.jpg,Fail
ACMIC_A15_Powerbank_15000mAh_‡∏û‡∏≤‡∏ß‡πÄ‡∏ß‡∏≠‡∏£‡πå‡πÅ‡∏ö‡∏á‡∏Ñ‡πå‡∏ä‡∏≤‡∏£‡πå‡∏à‡πÄ‡∏£‡πá‡∏ß_PD20W_‡∏°‡∏µ‡∏™‡∏≤‡∏¢‡∏ä‡∏≤‡∏£‡πå‡∏à‡πÅ‡∏•‡∏∞‡∏Ç‡∏≤‡∏õ‡∏•‡∏±‡πä‡∏Å‡πÉ‡∏ô‡∏ï‡∏±‡∏ß_1743245904.jpg,Fail
‡∏û‡∏≤‡∏ß‡πÄ‡∏ß‡∏≠‡∏£‡πå‡πÅ‡∏ö‡∏á‡∏Ñ‡πå_1743242933.jpg,Fail
‡∏°‡∏¥‡∏ô‡∏¥‡∏û‡∏≤‡∏ß‡πÄ‡∏ß‡∏≠‡∏£‡πå‡πÅ‡∏ö‡∏á‡∏Ñ‡πå‡πÅ‡∏Ñ‡∏õ‡∏ã‡∏π‡∏•_5000mAh_‡∏°‡∏µ2‡∏´‡∏±‡∏ß‡∏ä‡∏≤‡∏£‡πå‡∏à_‡∏°‡∏µ4‡∏™‡∏µ_1743241645.jpg,Fail
‡∏û‡∏≤‡∏ß‡πÄ‡∏ß‡∏≠‡∏£‡πå‡πÄ‡πÄ‡∏ö‡∏á_1743246330.jpg,Fail
‡∏°‡∏¥‡∏ô‡∏¥‡∏û‡∏≤‡∏ß‡πÄ‡∏ß‡∏≠‡∏£‡πå‡πÅ‡∏ö‡∏á‡∏Ñ‡πå‡πÅ‡∏Ñ‡∏õ‡∏ã‡∏π‡∏•_5000mAh_‡∏°‡∏µ2‡∏´‡∏±‡∏ß‡∏ä‡∏≤‡∏£‡πå‡∏à_‡∏°‡∏µ4‡∏™‡∏µ_1743241651.jpg,Fail
HOCO_DK6-A13_Wireless_powerbank_10000mAh_‡∏ä‡∏≤‡∏£‡πå‡∏à‡πÄ‡∏£‡πá‡∏ß_22.5W_‡∏°‡∏µ‡∏™‡∏≤‡∏¢‡πÉ‡∏ô‡∏ï‡∏±‡∏ß_‡∏ä‡∏≤‡∏£‡πå‡∏à‡πÑ‡∏£‡πâ‡∏™‡∏≤‡∏¢‡πÑ‡∏î‡πâ_‡∏°‡∏µ_‡∏°‡∏≠‡∏Å._1743251722.jpg,Fail
‡∏û‡∏≤‡∏ß‡πÄ‡∏ß‡∏≠‡∏£‡πå‡πÅ‡∏ö‡∏á‡∏Ñ‡πå_hoco_10000amh_1743254688.jpg,Fail
POWER_BANK_20000mAh_1743245337.jpg,Fail
ACMIC_APC20-02PD_Powerbank_20000mAh_‡∏û‡∏≤‡∏ß‡πÄ‡∏ß‡∏≠‡∏£‡πå‡πÅ‡∏ö‡∏á‡∏Ñ‡πå_3in1_‡∏ä‡∏≤‡∏£‡πå‡∏à‡πÄ‡∏£‡πá‡∏ßPD20W_‡∏™‡∏≤‡∏¢‡∏ä‡∏≤‡∏£‡πå‡∏à_‡∏Ç‡∏≤‡∏õ‡∏•‡∏±‡πä‡∏Å‡πÉ‡∏ô‡∏ï‡∏±‡∏ß_1743254327.jpg,Fail
‡∏°‡∏¥‡∏ô‡∏¥‡∏û‡∏≤‡∏ß‡πÄ‡∏ß‡∏≠‡∏£‡πå‡πÅ‡∏ö‡∏á‡∏Ñ‡πå‡πÅ‡∏Ñ‡∏õ‡∏ã‡∏π‡∏•_5000mAh_‡∏°‡∏µ2‡∏´‡∏±‡∏ß‡∏ä‡∏≤‡∏£‡πå‡∏à_‡∏°‡∏µ4‡∏™‡∏µ_1743241650.jpg,Fail
‡∏û‡∏≤‡∏ß‡πÄ‡∏ß‡∏≠‡∏£‡πå‡πÅ‡∏ö‡∏á‡∏Ñ‡πå_1743242926.jpg,Fail
ACMIC_A15_Powerbank_15000mAh_‡∏û‡∏≤‡∏ß‡πÄ‡∏ß‡∏≠‡∏£‡πå‡πÅ‡∏ö‡∏á‡∏Ñ‡πå‡∏ä‡∏≤‡∏£‡πå‡∏à‡πÄ‡∏£‡πá‡∏ß_PD20W_‡∏°‡∏µ‡∏™‡∏≤‡∏¢‡∏ä‡∏≤‡∏£‡πå‡∏à‡πÅ‡∏•‡∏∞‡∏Ç‡∏≤‡∏õ‡∏•‡∏±‡πä‡∏Å‡πÉ‡∏ô‡∏ï‡∏±‡∏ß_1743245911.jpg,Fail
‡∏à‡∏±‡∏î‡∏™‡πà‡∏á‡∏ü‡∏£‡∏µ_ACMIC_A15_Powerbank_15000mAh_‡∏û‡∏≤‡∏ß‡πÄ‡∏ß‡∏≠‡∏£‡πå‡πÅ‡∏ö‡∏á‡∏Ñ‡πå‡∏ä‡∏≤‡∏£‡πå‡∏à‡πÄ‡∏£‡πá‡∏ß_LED_Diplay_1743249391.jpg,Fail
‡∏û‡∏≤‡∏ß‡πÄ‡∏ß‡∏≠‡∏£‡πå‡πÅ‡∏ö‡∏á‡∏Ñ‡πåeloop_e43_25000_mAh_45W_‡πÅ‡∏ó‡πâ_1743255750.jpg,Fail
Power_Bank_OUKU_P34_20000mAh_‡πÅ‡∏ö‡∏ï‡∏™‡πç‡∏≤‡∏£‡∏≠‡∏á‡∏à‡∏≠‡∏î‡∏¥‡∏à‡∏¥‡∏ï‡∏≠‡∏•‡∏°‡∏µ‡∏™‡∏≤‡∏¢‡∏ä‡∏≤‡∏£‡πå‡∏à‡πÉ‡∏ô‡∏ï‡∏±‡∏ß_‡∏û‡∏Å‡∏û‡∏≤‡∏™‡∏∞‡∏î‡∏ß‡∏Å_‡∏Ç‡∏∂‡πâ‡∏ô‡πÄ‡∏Ñ‡∏£‡∏∑‡πà‡∏≠‡∏á‡∏ö‡∏¥‡∏ô‡πÑ‡∏î‡πâ_1743260018.jpg,Fail
Power_bank_10000mAh_d-power_1743242124.jpg,Fail
üî•‡πÇ‡∏õ‡∏£‡πÇ‡∏°‡∏ä‡∏±‡πà‡∏ôüî•POWER_BANK_MODEL___D-Power_GC314_Pro_10000mAh_‡∏£‡∏≠‡∏á‡∏£‡∏±‡∏ö_Fast_Charge‡∏Ñ‡∏£‡∏ö‡∏ó‡∏∏‡∏Å‡∏≠‡∏¢‡πà‡∏≤‡∏á‡πÉ‡∏ô‡∏≠‡∏±‡∏ô‡πÄ‡∏î‡∏µ‡∏¢‡∏ß_1743250135.jpg,Fail
uvolt_PD22.5W_+_Wireless_15W_Magnet_Wireless_Charging_Power_Bank_10000mah_1743250646.jpg,Fail
‡∏Ç‡∏≤‡∏¢_power_bank_‡∏£‡∏∏‡πà‡∏ô_ACMIC_1743243368.jpg,Fail
‡∏≠‡∏≤‡∏ã‡∏≤‡∏Å‡∏¥_Power_Bank_10,000_‡πÅ‡∏≠‡∏°‡∏õ‡πå_1743241469.jpg,Fail
‡∏û‡∏≤‡∏ß‡πÄ‡∏ß‡∏≠‡∏£‡πå‡πÄ‡πÄ‡∏ö‡∏á_1743246334.jpg,Fail
‡∏´‡∏π‡∏ü‡∏±‡∏á_‡∏Ñ‡∏π‡πà‡∏û‡∏≤‡∏ß‡πÄ‡∏ß‡∏≠‡∏£‡πå‡πÅ‡∏ö‡∏á‡∏Ñ‡πå_Asaki_1743245287.jpg,Fail
‡πÄ‡∏û‡∏≤‡πÄ‡∏ß‡∏≠‡∏£‡πå‡πÅ‡∏ö‡∏á‡∏Å‡πå10000mAh_1743247044.jpg,Fail
[‡∏°‡∏µ‡∏°‡∏≠‡∏Å.]_Powerbank_OUKU_P23C_‡∏Ñ‡∏ß‡∏≤‡∏°‡∏à‡∏∏_5000_mAh_‡∏û‡∏≤‡∏ß‡πÄ‡∏ß‡∏≠‡∏£‡πå‡πÅ‡∏ö‡∏á‡∏Ñ‡πå_Mini_‡∏ä‡∏≤‡∏£‡πå‡∏à‡πÄ‡∏£‡πá‡∏ß_15W_‡∏°‡∏µ‡∏´‡∏ô‡πâ‡∏≤‡∏à‡∏≠_LED_‡πÅ‡∏ö‡∏ï‡∏™‡∏≥‡∏£‡∏≠‡∏á_1743252895.jpg,Fail
‡∏û‡∏≤‡∏ß‡πÄ‡∏ß‡∏≠‡∏£‡πå‡πÅ‡∏ö‡∏á‡∏Ñ‡πå_1743242923.jpg,Fail
Power_Bank_‡∏°‡∏∑‡∏≠_1_‡∏¢‡∏±‡∏á‡πÑ‡∏°‡πà‡πÑ‡∏î‡πâ‡πÅ‡∏Å‡∏∞_‡∏à‡∏≠‡πÅ‡∏™‡∏î‡∏á‡∏ú‡∏•_Led_‡∏ä‡∏≤‡∏£‡πå‡∏à‡πÄ‡∏£‡πá‡∏ß‡∏™‡∏π‡∏á‡∏™‡∏∏‡∏î_22.5w_‡πÅ‡∏ñ‡∏°‡∏™‡∏≤‡∏¢‡∏ä‡∏≤‡∏£‡πå‡∏à_Type-c_‡πÉ‡∏ô‡∏Å‡∏•‡πà‡∏≠‡∏á_1743258944.jpg,Fail
‡∏û‡∏≤‡∏ß‡πÄ‡∏ß‡∏≠‡∏£‡πå‡πÅ‡∏ö‡∏á‡∏Ñ‡πå_Asaki_10000_‡∏°‡∏¥‡∏•‡∏•‡∏¥‡πÅ‡∏≠‡∏°‡∏õ‡πå_1743260359.jpg,Fail
‡∏´‡∏π‡∏ü‡∏±‡∏á‡∏Ñ‡∏π‡πà‡∏û‡∏≤‡∏ß‡πÄ‡∏ß‡∏≠‡∏£‡πå‡πÅ‡∏ö‡∏á‡∏Ñ‡πå_Asaki_1743255245.jpg,Fail
‡∏´‡∏π‡∏ü‡∏±‡∏á‡∏Ñ‡∏π‡πà‡∏û‡∏≤‡∏ß‡πÄ‡∏ß‡∏≠‡∏£‡πå‡πÅ‡∏ö‡∏á‡∏Ñ‡πå_asaki_‡∏°‡∏µ‡∏£‡∏±‡∏ö‡∏õ‡∏£‡∏∞‡∏Å‡∏±‡∏ô_1743256681.jpg,Fail
Power_Bank_‡∏°‡∏∑‡∏≠_1_‡∏¢‡∏±‡∏á‡πÑ‡∏°‡πà‡πÑ‡∏î‡πâ‡πÅ‡∏Å‡∏∞_‡∏à‡∏≠‡πÅ‡∏™‡∏î‡∏á‡∏ú‡∏•_Led_‡∏ä‡∏≤‡∏£‡πå‡∏à‡πÄ‡∏£‡πá‡∏ß‡∏™‡∏π‡∏á‡∏™‡∏∏‡∏î_22.5w_‡πÅ‡∏ñ‡∏°‡∏™‡∏≤‡∏¢‡∏ä‡∏≤‡∏£‡πå‡∏à_Type-c_‡πÉ‡∏ô‡∏Å‡∏•‡πà‡∏≠‡∏á_1743258946.jpg,Fail
‡∏û‡∏≤‡∏ß‡πÄ‡∏ß‡∏≠‡∏£‡πå‡πÅ‡∏ö‡∏á‡∏Ñ‡πå_MOFIT_1743248717.jpg,Fail
‡∏´‡∏π‡∏ü‡∏±‡∏á‡∏Ñ‡∏π‡πà‡∏û‡∏≤‡∏ß‡πÄ‡∏ß‡∏≠‡∏£‡πå‡πÅ‡∏ö‡∏á‡∏Ñ‡πå_Asaki_1743250103.jpg,Fail
‡∏û‡∏≤‡∏ß‡πÄ‡∏ß‡∏≠‡∏£‡πå‡πÅ‡∏ö‡∏á‡∏Ñ‡πå_1743242921.jpg,Fail
HOCO_DK6-A13_Wireless_powerbank_10000mAh_‡∏ä‡∏≤‡∏£‡πå‡∏à‡πÄ‡∏£‡πá‡∏ß_22.5W_‡∏°‡∏µ‡∏™‡∏≤‡∏¢‡πÉ‡∏ô‡∏ï‡∏±‡∏ß_‡∏ä‡∏≤‡∏£‡πå‡∏à‡πÑ‡∏£‡πâ‡∏™‡∏≤‡∏¢‡πÑ‡∏î‡πâ_‡∏°‡∏µ_‡∏°‡∏≠‡∏Å._1743251724.jpg,Fail
‡∏Ç‡∏≠‡∏á‡πÅ‡∏ó‡πâ_Remax_Power_Bank_‡∏û‡∏≤‡∏ß‡πÄ‡∏ß‡∏≠‡∏£‡πå‡πÅ‡∏ö‡∏á‡∏Ñ‡πå_‡∏£‡∏∏‡πà‡∏ô_RPP-20_15000mAh_1743244743.jpg,Fail
OUKU_P16_‡πÅ‡∏ö‡∏ï‡∏™‡∏≥‡∏£‡∏≠‡∏á_10000mAh_‡∏ä‡∏≤‡∏£‡πå‡∏à‡πÄ‡∏£‡πá‡∏ß_PD20W_power_bank_fast_charge_LED_Display_‡∏°‡∏µ‡∏™‡∏≤‡∏¢‡∏ä‡∏≤‡∏£‡πå‡∏à‡πÉ‡∏ô‡∏ï‡∏±‡∏ß_1743259561.jpg,Fail
‡πÅ‡∏ö‡∏ï‡∏™‡∏≥‡∏£‡∏≠‡∏á‡πÑ‡∏ü_10000‡πÅ‡∏≠‡∏°‡∏õ‡πå‡∏á‡∏≤‡∏ô‡∏Ñ‡∏∏‡∏ì‡∏†‡∏≤‡∏û‡∏î‡∏µ_‡∏°‡∏≠‡∏Å_‡∏õ‡∏£‡∏∞‡πÄ‡∏ó‡∏®‡πÑ‡∏ó‡∏¢_1743255809.jpg,Fail
‡∏û‡∏≤‡∏ß‡πÄ‡∏ß‡∏≠‡∏£‡πå‡πÅ‡∏ö‡∏á‡∏Ñ‡πå_1743260411.jpg,Fail
‡∏´‡∏π‡∏ü‡∏±‡∏á‡∏Ñ‡∏π‡πà‡∏û‡∏≤‡∏ß‡πÄ‡∏ß‡∏≠‡∏£‡πå‡πÅ‡∏ö‡∏á‡∏Ñ‡πå_Asaki_1743259907.jpg,Fail
‚ö°Ô∏è_[420‡∏ö._‡πÇ‡∏Ñ‡πâ‡∏î‡∏Ñ‡∏∏‡πâ‡∏°]_‡πÅ‡∏ö‡∏ï‡∏™‡∏≥‡∏£‡∏≠‡∏á_Orsen_by_Eloop_MagCharge_‡∏ä‡∏≤‡∏£‡πå‡∏à‡πÄ‡∏£‡πá‡∏ß‡πÅ‡∏£‡∏á‡∏™‡∏∞‡πÉ‡∏à_526_‡∏ö‡∏≤‡∏ó‡πÄ‡∏ó‡πà‡∏≤‡∏ô‡∏±‡πâ‡∏ô!_1743256330.jpg,Fail
Power_Bank_‡∏°‡∏∑‡∏≠_1_‡∏¢‡∏±‡∏á‡πÑ‡∏°‡πà‡πÑ‡∏î‡πâ‡πÅ‡∏Å‡∏∞_‡∏à‡∏≠‡πÅ‡∏™‡∏î‡∏á‡∏ú‡∏•_Led_‡∏ä‡∏≤‡∏£‡πå‡∏à‡πÄ‡∏£‡πá‡∏ß‡∏™‡∏π‡∏á‡∏™‡∏∏‡∏î_22.5w_‡πÅ‡∏ñ‡∏°‡∏™‡∏≤‡∏¢‡∏ä‡∏≤‡∏£‡πå‡∏à_Type-c_‡πÉ‡∏ô‡∏Å‡∏•‡πà‡∏≠‡∏á_1743258947.jpg,Fail
‡∏û‡∏≤‡∏ß‡πÄ‡∏ß‡∏≠‡∏£‡πå‡πÅ‡∏ö‡∏á‡∏Ñ‡πå_1743251551.jpg,Fail
PowerBank_1743256210.jpg,Fail
‡∏û‡∏≤‡∏ß‡πÄ‡∏ß‡∏≠‡∏£‡πå‡πÅ‡∏ö‡∏á‡∏Ñ‡πå_Asaki_3566f_‡πÅ‡∏ö‡∏ï‡∏™‡∏≥‡∏£‡∏≠‡∏á_1743243573.jpg,Fail
Power_bank_1743254260.jpg,Fail
Power_Bank_10,000_mAh_1743253370.jpg,Fail
Power_Bank_10000mAh_1743249338.jpg,Fail
‡∏≠‡∏≤‡∏ã‡∏≤‡∏Å‡∏¥_Power_Bank_10,000_‡∏°‡∏¥‡∏•‡∏•‡∏¥‡πÅ‡∏≠‡∏°‡∏õ‡πå_1743248232.jpg,Fail
Power_bank_10000mAh_‡∏¢‡∏±‡∏á‡πÑ‡∏°‡πà‡πÑ‡∏î‡πâ‡πÅ‡∏Å‡∏∞‡∏ã‡∏µ‡∏•_1743257691.jpg,Fail
‡πÅ‡∏ö‡∏ï‡∏™‡∏≥‡∏£‡∏≠‡∏á_‡∏û‡∏≤‡∏ß‡πÄ‡∏ß‡∏≠‡∏£‡πå‡πÅ‡∏ö‡∏á‡∏Ñ‡πå_Asaki_‡πÅ‡∏ó‡πâ_AB_3564_1743245148.jpg,Fail
Power_Bank_‡∏¢‡∏µ‡πà‡∏´‡πâ‡∏≠_Asaki_‡∏°‡∏∑‡∏≠_1_‡∏¢‡∏±‡∏á‡πÑ‡∏°‡πà‡πÑ‡∏î‡πâ‡πÅ‡∏Å‡∏∞_‡∏£‡∏≤‡∏Ñ‡∏≤‡πÄ‡∏ï‡πá‡∏°_399_‡∏Ç‡∏≤‡∏¢_200_‡∏ö‡∏≤‡∏ó_‡∏´‡∏ô‡πâ‡∏≤‡∏à‡∏≠‡πÅ‡∏™‡∏î‡∏á‡∏ú‡∏•_LED_‡∏ä‡∏≤‡∏£‡πå‡∏à‡πÄ‡∏£‡πá‡∏ß_2A_1743247201.jpg,Fail
‡∏û‡∏≤‡∏ß‡πÄ‡∏ß‡∏≠‡∏£‡πå‡πÅ‡∏ö‡∏á‡∏Ñ‡πå_‡∏Ñ‡∏π‡πà‡∏´‡∏π‡∏ü‡∏±‡∏á_Asaki_1743261221.jpg,Fail
‡πÅ‡∏ö‡∏ï‡∏™‡∏≥‡∏£‡∏≠‡∏á_‡∏¢‡∏µ‡πà‡∏´‡πâ‡∏≠_d-power_‡∏£‡∏∏‡πà‡∏ô_GC-57_(10,000_mAh)_‡πÉ‡∏ä‡πâ‡∏™‡∏≥‡∏´‡∏£‡∏±‡∏ö‡∏ä‡∏≤‡∏£‡πå‡∏à‡πÇ‡∏ó‡∏£‡∏®‡∏±‡∏û‡∏ó‡πå‡∏°‡∏∑‡∏≠‡∏ñ‡∏∑‡∏≠_1743242207.jpg,Fail
‡∏û‡∏≤‡∏ß‡πÄ‡∏ß‡∏≠‡∏£‡πå‡πÄ‡πÄ‡∏ö‡∏á_2000_‡∏°‡∏µ‡∏•‡∏¥‡πÅ‡∏≠‡∏°_1743244686.jpg,Fail
‡∏û‡∏≤‡∏ß‡πÄ‡∏ß‡∏≠‡∏£‡πå‡πÅ‡∏ö‡∏á‡∏Ñ‡πå_Asaki_ab_3566f_1743252169.jpg,Fail
Power_Bank_10,000_mAh_1743253371.jpg,Fail
Baseus_QPow2_‡∏û‡∏≤‡∏ß‡πÄ‡∏ß‡∏≠‡∏£‡πå‡πÅ‡∏ö‡∏á‡∏Ñ‡πå_20000mAh_30W,_10000mAh_22.5_W,PD_Fast_Charging_Power_Bank_1743242535.jpg,Fail
‡∏û‡∏≤‡∏ß‡πÄ‡∏ß‡∏≠‡∏£‡πå‡πÅ‡∏ö‡∏á‡∏Ñ‡πå_Asaki_ab3564_1743249710.jpg,Fail
OUKU_P53_10000mAh_PD_20W_‡πÅ‡∏ö‡∏ï‡∏™‡∏≥‡∏£‡∏≠‡∏á‡∏ä‡∏≤‡∏£‡πå‡∏à‡πÑ‡∏£‡πâ‡∏™‡∏≤‡∏¢_‡∏ä‡∏≤‡∏£‡πå‡∏à‡πÄ‡∏£‡πá‡∏ß_‡∏ä‡∏≤‡∏£‡πå‡∏à‡∏°‡∏∑‡∏≠‡∏ñ‡∏∑‡∏≠_‡∏´‡∏π‡∏ü‡∏±‡∏á_‡∏ô‡∏≤‡∏¨‡∏¥‡∏Å‡∏≤_‡πÑ‡∏î‡πâ_1743247081.jpg,Fail
‡∏û‡∏≤‡∏ß‡πÄ‡∏ß‡∏≠‡∏£‡πå‡πÅ‡∏ö‡∏á‡∏Ñ‡πå_Asaki_3566f_‡πÅ‡∏ö‡∏ï‡∏™‡∏≥‡∏£‡∏≠‡∏á_1743243572.jpg,Fail
‡∏û‡∏≤‡∏ß‡πÄ‡∏ß‡∏≠‡∏£‡πå‡πÅ‡∏ö‡∏á‡∏Ñ‡πå_Asaki_ab3566f_1743243282.jpg,Fail
‡∏´‡∏π‡∏ü‡∏±‡∏á‡∏Ñ‡∏π‡πà‡∏û‡∏≤‡∏ß‡πÄ‡∏ß‡∏≠‡∏£‡πå‡πÅ‡∏ö‡∏á‡∏Ñ‡πå_Asaki_1743253109.jpg,Fail
‡∏û‡∏≤‡∏ß‡πÄ‡∏ß‡∏≠‡∏£‡πå‡πÅ‡∏ö‡∏á‡∏Ñ‡πå_10000mAh_1743256836.jpg,Fail
OUKU_P53_10000mAh_PD_20W_‡πÅ‡∏ö‡∏ï‡∏™‡∏≥‡∏£‡∏≠‡∏á‡∏ä‡∏≤‡∏£‡πå‡∏à‡πÑ‡∏£‡πâ‡∏™‡∏≤‡∏¢_‡∏ä‡∏≤‡∏£‡πå‡∏à‡πÄ‡∏£‡πá‡∏ß_‡∏ä‡∏≤‡∏£‡πå‡∏à‡∏°‡∏∑‡∏≠‡∏ñ‡∏∑‡∏≠_‡∏´‡∏π‡∏ü‡∏±‡∏á_‡∏ô‡∏≤‡∏¨‡∏¥‡∏Å‡∏≤_‡πÑ‡∏î‡πâ_1743247083.jpg,Fail
‡∏´‡∏π‡∏ü‡∏±‡∏á‡∏Ñ‡∏π‡πà‡∏û‡∏≤‡∏ß‡πÄ‡∏ß‡∏≠‡∏£‡πå‡πÅ‡∏ö‡∏á‡∏Ñ‡πå_Asaki_1743254466.jpg,Fail
Baseus_QPow2_‡∏û‡∏≤‡∏ß‡πÄ‡∏ß‡∏≠‡∏£‡πå‡πÅ‡∏ö‡∏á‡∏Ñ‡πå_20000mAh_30W,_10000mAh_22.5_W,PD_Fast_Charging_Power_Bank_1743242537.jpg,Fail
Power_Bank_10,000_mAh_1743253373.jpg,Fail
Power_bank_Eloop_E12_1743247823.jpg,Fail
‡∏≠‡∏≤‡∏ã‡∏≤‡∏Å‡∏¥_Power_Bank_10,000_‡∏°‡∏¥‡∏•‡∏•‡∏¥‡πÅ‡∏≠‡∏°‡∏õ‡πå_1743248231.jpg,Fail
‡∏û‡∏≤‡∏ß‡πÄ‡∏ß‡∏≠‡∏£‡πå‡πÄ‡πÄ‡∏ö‡∏á_2000_‡∏°‡∏µ‡∏•‡∏¥‡πÅ‡∏≠‡∏°_1743244684.jpg,Fail
‡∏û‡∏≤‡∏ß‡πÄ‡∏ß‡∏≠‡∏£‡πå‡πÅ‡∏ö‡∏á‡∏Ñ‡πå_Asaki_ab3564_‡πÅ‡∏ó‡πâ_1743247384.jpg,Fail
Hoco_DB33_Solar_Powered_Cable_LED_PowerBank_30000mAh_‡πÅ‡∏ö‡∏ï‡∏™‡∏≥‡∏£‡∏≠‡∏á‡πÇ‡∏ã‡∏•‡πà‡∏≤‡πÄ‡∏ã‡∏•‡∏•‡πå_1743242053.jpg,Fail
POWER_BANK_20000mAh_1743245341.jpg,Fail
‡∏´‡∏π‡∏ü‡∏±‡∏á‡∏ö‡∏•‡∏π‡∏ó‡∏π‡∏ò_‡∏Ñ‡∏π‡πà‡∏û‡∏≤‡∏ß‡πÄ‡∏ß‡∏≠‡∏£‡πå‡πÅ‡∏ö‡∏á‡∏Ñ‡πå_1743255584.jpg,Fail
Power_Bank_‡∏¢‡∏µ‡πà‡∏´‡πâ‡∏≠_Asaki_‡∏°‡∏∑‡∏≠_1_‡∏¢‡∏±‡∏á‡πÑ‡∏°‡πà‡πÑ‡∏î‡πâ‡πÅ‡∏Å‡∏∞_‡∏£‡∏≤‡∏Ñ‡∏≤‡πÄ‡∏ï‡πá‡∏°_399_‡∏Ç‡∏≤‡∏¢_200_‡∏ö‡∏≤‡∏ó_‡∏´‡∏ô‡πâ‡∏≤‡∏à‡∏≠‡πÅ‡∏™‡∏î‡∏á‡∏ú‡∏•_LED_‡∏ä‡∏≤‡∏£‡πå‡∏à‡πÄ‡∏£‡πá‡∏ß_2A_1743247202.jpg,Fail
Hoco_DB33_Solar_Powered_Cable_LED_PowerBank_30000mAh_‡πÅ‡∏ö‡∏ï‡∏™‡∏≥‡∏£‡∏≠‡∏á‡πÇ‡∏ã‡∏•‡πà‡∏≤‡πÄ‡∏ã‡∏•‡∏•‡πå_1743242046.jpg,Fail
‡πÅ‡∏ö‡∏ï‡∏™‡∏≥‡∏£‡∏≠‡∏á_‡∏¢‡∏µ‡πà‡∏´‡πâ‡∏≠_d-power_‡∏£‡∏∏‡πà‡∏ô_GC-57_(10,000_mAh)_‡πÉ‡∏ä‡πâ‡∏™‡∏≥‡∏´‡∏£‡∏±‡∏ö‡∏ä‡∏≤‡∏£‡πå‡∏à‡πÇ‡∏ó‡∏£‡∏®‡∏±‡∏û‡∏ó‡πå‡∏°‡∏∑‡∏≠‡∏ñ‡∏∑‡∏≠_1743242210.jpg,Fail
‡∏≠‡∏≤‡∏ã‡∏≤‡∏Å‡∏¥_Power_Bank_10,000_‡∏°‡∏¥‡∏•‡∏•‡∏¥‡πÅ‡∏≠‡∏°‡∏õ‡πå_1743248230.jpg,Fail
Power_bank_1743254262.jpg,Fail
Power_Bank_5,000mah_1743253021.jpg,Fail
‡∏´‡∏π‡∏ü‡∏±‡∏á‡∏Ñ‡∏π‡πà‡∏û‡∏≤‡∏ß‡πÄ‡∏ß‡∏≠‡∏£‡πå‡πÅ‡∏ö‡∏á‡∏Ñ‡πå_Asaki_1743247619.jpg,Fail
‡∏û‡∏≤‡∏ß‡πÄ‡∏ß‡∏≠‡∏£‡πå‡πÅ‡∏ö‡∏á‡∏Ñ‡πå_‡∏Ñ‡∏π‡πà‡∏´‡∏π‡∏ü‡∏±‡∏á‡∏ö‡∏•‡∏π‡∏ó‡∏π‡∏ò‡πÑ‡∏£‡πâ‡∏™‡∏≤‡∏¢_1743247934.jpg,Fail
‡∏û‡∏≤‡∏ß‡πÄ‡∏ß‡∏≠‡∏£‡πå‡πÅ‡∏ö‡∏á‡∏Ñ‡πå_10000mAh_1743244576.jpg,Fail
‡∏û‡∏≤‡∏ß‡πÄ‡∏ß‡∏≠‡∏£‡πå‡πÅ‡∏ö‡∏á‡∏Ñ‡πå_1743245035.jpg,Fail
Power_bank_1743254266.jpg,Fail
üî•‡πÇ‡∏õ‡∏£‡πÇ‡∏°‡∏ä‡∏±‡πà‡∏ôüî•POWER_BANK_MODEL___D-Power_GC314_Pro_10000mAh_‡∏£‡∏≠‡∏á‡∏£‡∏±‡∏ö_Fast_Charge‡∏Ñ‡∏£‡∏ö‡∏ó‡∏∏‡∏Å‡∏≠‡∏¢‡πà‡∏≤‡∏á‡πÉ‡∏ô‡∏≠‡∏±‡∏ô‡πÄ‡∏î‡∏µ‡∏¢‡∏ß_1743250142.jpg,Fail
Power_bank_1743252004.jpg,Fail
‡∏°‡∏¥‡∏ï‡∏¥‡πÉ‡∏´‡∏°‡πà‡πÅ‡∏´‡πà‡∏á‡∏Å‡∏≤‡∏£‡∏ä‡∏≤‡∏£‡πå‡∏à‡πÅ‡∏ö‡∏ö‡∏ö‡∏≤‡∏á‡πÄ‡∏â‡∏µ‡∏¢‡∏ö_Why_Slim_Powerbank_5000_mAh_‡∏£‡∏≠‡∏á‡∏£‡∏±‡∏ö‡∏Å‡∏≤‡∏£‡∏ä‡∏≤‡∏£‡πå‡∏à‡πÅ‡∏ö‡∏ö‡∏°‡∏µ‡∏™‡∏≤‡∏¢‡πÅ‡∏•‡∏∞‡πÑ‡∏£‡πâ‡∏™‡∏≤‡∏¢_1743257243.jpg,Fail
Power_bank_1743254267.jpg,Fail
‡∏û‡∏≤‡∏ß‡πÄ‡∏ß‡∏≠‡∏£‡πå‡πÅ‡∏ö‡∏á‡∏Ñ‡πå_ab3566F_1743241070.jpg,Fail
PowerBank_‡πÅ‡∏ö‡∏ï‡∏™‡∏≥‡∏£‡∏≠‡∏á_Hoco_10000mAh_DB03_2USB+TYBE-C+2.1A_‡πÅ‡∏ó‡πâ100%_1743255539.jpg,Fail
‡πÅ‡∏ö‡∏ï‡∏™‡∏≥‡∏£‡∏≠‡∏á_power_bank_30,000_‡πÅ‡∏≠‡∏°‡∏õ‡πå‡∏•‡∏≤‡∏¢‡∏ô‡πà‡∏≤‡∏£‡∏±‡∏Å_‡∏•‡∏≤‡∏¢‡∏Å‡∏≤‡∏£‡πå‡∏ï‡∏π‡∏ô_‡∏û‡∏£‡πâ‡∏≠‡∏°‡πÑ‡∏ü_LED_1743254613.jpg,Fail
‡∏û‡∏≤‡∏ß‡πÄ‡∏ß‡∏≠‡∏£‡πå‡πÅ‡∏ö‡∏á‡∏Ñ‡πå_Asaki_ab3566f_‡πÅ‡∏ó‡πâ_1743252075.jpg,Fail
‡∏û‡∏≤‡∏ß‡πÄ‡∏ß‡∏≠‡∏£‡πå‡πÅ‡∏ö‡∏á‡∏Ñ‡πå_Asaki_ab3566f_1743243284.jpg,Fail
‡∏û‡∏≤‡∏ß‡πÄ‡∏ß‡∏≠‡∏£‡πå‡πÅ‡∏ö‡∏á‡∏Ñ‡πå_Asaki_ab3566f_1743243286.jpg,Fail
‡πÅ‡∏ö‡∏ï‡∏™‡∏≥‡∏£‡∏≠‡∏á_‡∏û‡∏≤‡∏ß‡πÄ‡∏ß‡∏≠‡∏£‡πå‡πÅ‡∏ö‡∏á‡∏Ñ‡πå_Asaki_ab_366f_1743247589.jpg,Fail
‡πÅ‡∏ö‡∏ï‡∏™‡∏≥‡∏£‡∏≠‡∏á_power_bank_30,000_‡πÅ‡∏≠‡∏°‡∏õ‡πå‡∏•‡∏≤‡∏¢‡∏ô‡πà‡∏≤‡∏£‡∏±‡∏Å_‡∏•‡∏≤‡∏¢‡∏Å‡∏≤‡∏£‡πå‡∏ï‡∏π‡∏ô_‡∏û‡∏£‡πâ‡∏≠‡∏°‡πÑ‡∏ü_LED_1743254611.jpg,Fail
Power_bank_1743254259.jpg,Fail
Power_Bank_10,000_mAh_1743253375.jpg,Fail
‡∏û‡∏≤‡∏ß‡πÄ‡∏ß‡∏≠‡∏£‡πå‡πÅ‡∏ö‡∏á‡∏Ñ‡πå_1743244499.jpg,Fail
‡∏û‡∏≤‡∏ß‡πÄ‡∏ß‡∏≠‡∏£‡πå‡πÅ‡∏ö‡∏á‡∏Ñ‡πå_ab3566F_1743241072.jpg,Fail
power_bank_1743250017.jpg,Fail
‡∏û‡∏≤‡∏ß‡πÄ‡∏ß‡∏≠‡∏£‡πå‡πÅ‡∏ö‡∏á‡∏Ñ‡πå_VEGER_P15_15000_mAh_‡∏ä‡∏≤‡∏£‡πå‡∏à‡πÄ‡∏£‡πá‡∏ß_PD_20W_‡∏°‡∏µ‡∏™‡∏≤‡∏¢‡πÉ‡∏ô‡∏ï‡∏±‡∏ß_‡∏û‡∏Å‡∏û‡∏≤‡∏™‡∏∞‡∏î‡∏ß‡∏Å‡∏°‡∏≤‡∏Å_‡∏°‡∏∑‡∏≠‡∏´‡∏ô‡∏∂‡πà‡∏á‡πÉ‡∏´‡∏°‡πà‡πÄ‡∏≠‡∏µ‡πà‡∏¢‡∏°_1743257996.jpg,Fail
‡∏û‡∏≤‡∏ß‡πÄ‡∏ß‡∏≠‡∏£‡πå‡πÅ‡∏ö‡∏á‡∏Ñ‡πå_‡∏Ñ‡∏π‡πà‡∏´‡∏π‡∏ü‡∏±‡∏á‡∏ö‡∏•‡∏π‡∏ó‡∏π‡∏ò_Asaki_1743245978.jpg,Fail
‡∏û‡∏≤‡∏ß‡πÄ‡∏ß‡∏≠‡∏£‡πå‡πÅ‡∏ö‡πâ‡∏á‡∏Ñ‡πå_power_bank_aukey_1743251593.jpg,Fail
‡∏´‡∏π‡∏ü‡∏±‡∏á_‡∏Ñ‡∏π‡πà_‡∏û‡∏≤‡∏ß‡πÄ‡∏ß‡∏≠‡∏£‡πå‡πÅ‡∏ö‡∏á‡∏Ñ‡πå_Asaki_1743258735.jpg,Fail
‡∏´‡∏π‡∏ü‡∏±‡∏á‡∏ö‡∏•‡∏π‡∏ó‡∏π‡∏ò_‡∏Ñ‡∏π‡πà‡∏û‡∏≤‡∏ß‡πÄ‡∏ß‡∏≠‡∏£‡πå‡πÅ‡∏ö‡∏á‡∏Ñ‡πå_1743255232.jpg,Fail
‡∏û‡∏≤‡∏ß‡πÄ‡∏ß‡∏≠‡∏£‡πå‡πÅ‡∏ö‡∏á‡∏Ñ‡πå_1743260103.jpg,Fail
üî•‡πÇ‡∏õ‡∏£‡πÇ‡∏°‡∏ä‡∏±‡πà‡∏ôüî•POWER_BANK_MODEL___D-Power_GC314_Pro_10000mAh_‡∏£‡∏≠‡∏á‡∏£‡∏±‡∏ö_Fast_Charge‡∏Ñ‡∏£‡∏ö‡∏ó‡∏∏‡∏Å‡∏≠‡∏¢‡πà‡∏≤‡∏á‡πÉ‡∏ô‡∏≠‡∏±‡∏ô‡πÄ‡∏î‡∏µ‡∏¢‡∏ß_1743250140.jpg,Fail
Power_bank_mofit_10,000mah_1743247834.jpg,Fail
Power_bank_1743254270.jpg,Fail
Power_bank_1743254264.jpg,Fail
Power_Bank_‡∏¢‡∏µ‡πà‡∏´‡πâ‡∏≠_Asaki_‡∏°‡∏∑‡∏≠_1_‡∏¢‡∏±‡∏á‡πÑ‡∏°‡πà‡πÑ‡∏î‡πâ‡πÅ‡∏Å‡∏∞_‡∏£‡∏≤‡∏Ñ‡∏≤‡πÄ‡∏ï‡πá‡∏°_399_‡∏Ç‡∏≤‡∏¢_200_‡∏ö‡∏≤‡∏ó_‡∏´‡∏ô‡πâ‡∏≤‡∏à‡∏≠‡πÅ‡∏™‡∏î‡∏á‡∏ú‡∏•_LED_‡∏ä‡∏≤‡∏£‡πå‡∏à‡πÄ‡∏£‡πá‡∏ß_2A_1743247199.jpg,Fail
‡∏û‡∏≤‡∏ß‡πÄ‡∏ß‡∏≠‡∏£‡πå‡πÅ‡∏ö‡∏á‡∏Ñ‡πå_Anker_Nano_35W_‡∏ï‡∏±‡∏ß‡πÉ‡∏´‡∏°‡πà_1743243301.jpg,Fail
‡∏û‡∏≤‡∏ß‡πÄ‡∏ß‡∏≠‡∏£‡πå‡πÅ‡∏ö‡∏á‡∏Ñ‡πå_1743245037.jpg,Fail
‡∏û‡∏≤‡∏ß‡πÄ‡∏ß‡∏≠‡∏£‡πå‡πÅ‡∏ö‡∏á‡∏Ñ‡πå_Asaki_ab3566f_‡πÅ‡∏ó‡πâ_1743252076.jpg,Fail
Powerbank_10,000mAh_‡πÅ‡∏ö‡∏ï‡∏™‡∏≥‡∏£‡∏≠‡∏á_HOCO_DK2_‡∏û‡∏£‡πâ‡∏≠‡∏°‡∏™‡∏≤‡∏¢‡∏ä‡∏≤‡∏£‡πå‡∏à‡πÉ‡∏ô‡∏ï‡∏±‡∏ß_2_‡πÄ‡∏™‡πâ‡∏ô_‡∏Ç‡∏≠‡∏á‡πÅ‡∏ó‡πâ_‡∏°‡∏µ_‡∏°‡∏≠‡∏Å._1743240882.jpg,Fail
Power_bank_1743254269.jpg,Fail
‡∏´‡∏π‡∏ü‡∏±‡∏á‡∏Ñ‡∏π‡πà‡∏û‡∏≤‡∏ß‡πÄ‡∏ß‡∏≠‡∏£‡πå‡πÅ‡∏ö‡∏á‡∏Ñ‡πå_Asaki_1743255969.jpg,Fail
‡∏´‡∏π‡∏ü‡∏±‡∏á‡∏ö‡∏•‡∏π‡∏ó‡∏π‡∏ò_‡∏Ñ‡∏π‡πà_‡∏û‡∏≤‡∏ß‡πÄ‡∏ß‡∏≠‡∏£‡πå‡πÅ‡∏ö‡∏á‡∏Ñ‡πå_Asaki_1743247475.jpg,Fail
‡∏Ç‡∏≤‡∏¢‡πÄ‡∏´‡∏°‡∏≤_powerbank_‡∏´‡∏π‡∏ü‡∏±‡∏á_powerbox_‡∏•‡∏≥‡πÇ‡∏û‡∏á_1743257564.jpg,Fail
powerbank_10000mah_‡∏°‡∏µ_‡∏°‡∏≠‡∏Å._1743245848.jpg,Fail
‡∏û‡∏≤‡∏ß‡πÄ‡∏ß‡∏≠‡∏£‡πå‡πÅ‡∏ö‡∏á‡∏Ñ‡πå10,000‡πÅ‡∏≠‡∏°‡πå‡πÉ‡∏´‡∏°‡πà_1743248556.jpg,Fail
Powerbank_Goojodoq_‡∏Å‡∏•‡πà‡∏≠‡∏á‡∏Ñ‡∏£‡∏¥‡∏™‡∏°‡∏≤‡∏™‡∏ï‡πå_(‡∏¢‡∏±‡∏á‡πÑ‡∏°‡πà‡πÑ‡∏î‡πâ‡πÅ‡∏Å‡∏∞‡πÉ‡∏ä‡πâ_‡∏Ç‡∏≠‡∏á‡πÅ‡∏ó‡πâ!!!!_)_1743259421.jpg,Fail
‡∏û‡∏≤‡∏ß‡πÄ‡∏ß‡∏≠‡∏£‡πå‡πÅ‡∏ö‡∏á‡∏Ñ‡πå_asaki3566f_‡πÅ‡∏ó‡πâ_1743248761.jpg,Fail
‡πÅ‡∏ö‡∏ï‡∏™‡∏≥‡∏£‡∏≠‡∏á‡∏û‡∏≤‡∏ß‡πÄ‡∏ß‡∏≠‡∏£‡πå‡πÅ‡∏ö‡∏á‡∏Ñ‡πå_Asaki_‡πÅ‡∏ó‡πâ_AB_3566F_1743243003.jpg,Fail
‡πÅ‡∏ö‡∏ï‡∏™‡∏≥‡∏£‡∏≠‡∏á‡∏û‡∏≤‡∏ß‡πÄ‡∏ß‡∏≠‡∏£‡πå‡πÅ‡∏ö‡∏á‡∏Ñ‡πå_Asaki_‡πÅ‡∏ó‡πâ_AB_3566F_1743243001.jpg,Fail
Power_Bank_1743243266.jpg,Fail
‡∏û‡∏≤‡∏ß‡πÄ‡∏ß‡∏≠‡∏£‡πå‡πÅ‡∏ö‡∏á‡∏Ñ‡πå_Asaki_ab_3566f_1743258665.jpg,Fail
OUKU_P53_10000mAh_PD_20W_‡πÅ‡∏ö‡∏ï‡∏™‡∏≥‡∏£‡∏≠‡∏á‡∏ä‡∏≤‡∏£‡πå‡∏à‡πÑ‡∏£‡πâ‡∏™‡∏≤‡∏¢_‡∏ä‡∏≤‡∏£‡πå‡∏à‡πÄ‡∏£‡πá‡∏ß_‡∏ä‡∏≤‡∏£‡πå‡∏à‡∏°‡∏∑‡∏≠‡∏ñ‡∏∑‡∏≠_‡∏´‡∏π‡∏ü‡∏±‡∏á_‡∏ô‡∏≤‡∏¨‡∏¥‡∏Å‡∏≤_‡πÑ‡∏î‡πâ_1743254545.jpg,Fail
PowerBank_‡πÅ‡∏ö‡∏ï‡∏™‡∏≥‡∏£‡∏≠‡∏á_OUKU_J42A_20,000_mAh_‡∏Ç‡∏≠‡∏á‡πÅ‡∏ó‡πâ_100%_‡∏°‡∏µ_‡∏°‡∏≠‡∏Å._1743242794.jpg,Fail
Powerbank_20000_mAH_1743251927.jpg,Fail
‡∏û‡∏≤‡∏ß‡πÄ‡∏ß‡∏≠‡∏£‡πå‡πÅ‡∏ö‡∏á‡∏Ñ‡πå10,000‡πÅ‡∏≠‡∏°‡πå‡πÉ‡∏´‡∏°‡πà_1743248554.jpg,Fail
‡∏û‡∏≤‡∏ß‡πÄ‡∏ß‡∏≠‡∏£‡πå‡πÅ‡∏ö‡∏á‡∏Ñ‡πå_1743241101.jpg,Fail
üí•‡πÅ‡∏ö‡∏ï‡∏™‡∏≥‡∏£‡∏≠‡∏á_BLL_10000mAh_‡∏£‡∏∏‡πà‡∏ô5510_‡∏Ç‡∏≠‡∏á‡πÅ‡∏ó‡πâüíØ%_üëâ‡∏£‡∏≤‡∏Ñ‡∏≤_325_‡∏ö‡∏≤‡∏ó_üì¶‡∏™‡πà‡∏á‡∏ü‡∏£‡∏µ‡πÄ‡∏Å‡πá‡∏ö‡πÄ‡∏á‡∏¥‡∏ô‡∏õ‡∏•‡∏≤‡∏¢‡∏ó‡∏≤‡∏á_1743249518.jpg,Fail
Powerbank_15000mAh_‡∏û‡∏≤‡∏ß‡πÄ‡∏ß‡∏≠‡∏£‡πå‡πÅ‡∏ö‡∏á‡∏Ñ‡πå‡∏ä‡∏≤‡∏£‡πå‡∏à‡πÄ‡∏£‡πá‡∏ß_Fast_Charge_PD20W_‡∏°‡∏µ‡∏™‡∏≤‡∏¢‡πÉ‡∏ô‡∏ï‡∏±‡∏ß_‡∏´‡∏ô‡πâ‡∏≤‡∏à‡∏≠_LED_1743243342.jpg,Fail
‡πÄ‡∏û‡∏≤‡πÄ‡∏ß‡∏≠‡∏£‡πå_‡πÅ‡∏ö‡∏á_50000_Ah_‡∏•‡∏≤‡∏¢‡∏Å‡∏≤‡∏£‡πå‡∏ï‡∏π‡∏ô‡∏ô‡πà‡∏≤‡∏£‡∏±‡∏Å_‡πÅ‡∏ö‡∏ï‡∏™‡∏≥‡∏£‡∏≠‡∏á_‡∏°‡∏µ‡∏ó‡∏±‡πâ‡∏á_lightning_‡πÅ‡∏•‡∏∞_type_c_1743241696.jpg,Fail
PowerBank_‡πÅ‡∏ö‡∏ï‡∏™‡∏≥‡∏£‡∏≠‡∏á_OUKU_J42A_20,000_mAh_‡∏Ç‡∏≠‡∏á‡πÅ‡∏ó‡πâ_100%_‡∏°‡∏µ_‡∏°‡∏≠‡∏Å._1743242795.jpg,Fail
‡πÅ‡∏ö‡∏ï‡∏™‡∏≥‡∏£‡∏≠‡∏á‡∏û‡∏≤‡∏ß‡πÄ‡∏ß‡∏≠‡∏£‡πå‡πÅ‡∏ö‡∏á‡∏Ñ‡πå_Asaki_‡πÅ‡∏ó‡πâ_AB_3566F_1743243000.jpg,Fail
‡∏û‡∏≤‡∏ß‡πÄ‡∏ß‡∏≠‡∏£‡πå‡πÅ‡∏ö‡∏á‡∏Ñ‡πå_Orsen_EW55_20,000mAh_1743256528.jpg,Fail
Power_bank_10000_mAH_1743243985.jpg,Fail
‡∏û‡∏≤‡∏ß‡πÄ‡∏ß‡∏≠‡∏£‡πå‡πÅ‡∏ö‡∏á‡∏Ñ‡πå_Asaki‡πÅ‡∏ó‡πâ_1743248039.jpg,Fail
‡πÅ‡∏ö‡∏ï‡∏™‡∏≥‡∏£‡∏≠‡∏á_Asaki_3566f_‡πÅ‡∏ó‡πâ_1743252804.jpg,Fail
‡∏û‡∏≤‡∏ß‡πÄ‡∏ß‡∏≠‡∏£‡πå‡πÅ‡∏ö‡∏á‡∏Ñ‡πå‡∏Ñ‡∏π‡πà_‡∏´‡∏π‡∏ü‡∏±‡∏á‡∏ö‡∏•‡∏π‡∏ó‡∏π‡∏ò_‡∏Ç‡∏≠‡∏á‡πÅ‡∏ó‡πâ_1743247922.jpg,Fail
‡∏û‡∏≤‡∏ß‡πÄ‡∏ß‡∏≠‡∏£‡πå‡πÅ‡∏ö‡∏á‡∏Ñ‡πå_1743249014.jpg,Fail
‡∏≠‡∏≤‡∏ã‡∏≤‡∏Å‡∏¥_Power_Bank_10,000_‡∏°‡∏¥‡∏•‡∏•‡∏¥‡πÅ‡∏≠‡∏°‡∏õ‡πå_1743248229.jpg,Fail
‡πÅ‡∏ö‡∏ï‡∏™‡∏≥‡∏£‡∏≠‡∏á_Asaki_3566f_‡πÅ‡∏ó‡πâ_1743256257.jpg,Fail
‡πÅ‡∏ö‡∏ï‡∏™‡∏≥‡∏£‡∏≠‡∏á_‡∏¢‡∏µ‡πà‡∏´‡πâ‡∏≠_d-power_‡∏£‡∏∏‡πà‡∏ô_GC-57_(10,000_mAh)_‡πÉ‡∏ä‡πâ‡∏™‡∏≥‡∏´‡∏£‡∏±‡∏ö‡∏ä‡∏≤‡∏£‡πå‡∏à‡πÇ‡∏ó‡∏£‡∏®‡∏±‡∏û‡∏ó‡πå‡∏°‡∏∑‡∏≠‡∏ñ‡∏∑‡∏≠_1743242209.jpg,Fail
OUKU_P40_Powerbank_‡πÅ‡∏ö‡∏ï‡πÄ‡∏ï‡∏≠‡∏£‡∏µ‡πà‡∏™‡πç‡∏≤‡∏£‡∏≠‡∏á_10000mAh_PD20W+QC22.5W_‡∏°‡∏µ‡∏™‡∏≤‡∏¢‡∏ä‡∏≤‡∏£‡πå‡∏à‡πÉ‡∏ô‡∏ï‡∏±‡∏ß_‡∏û‡∏£‡πâ‡∏≠‡∏°‡∏à‡∏≠_LED_1743243451.jpg,Fail
üí•‡πÅ‡∏ö‡∏ï‡∏™‡∏≥‡∏£‡∏≠‡∏á_BLL_10000mAh_‡∏£‡∏∏‡πà‡∏ô5510_‡∏Ç‡∏≠‡∏á‡πÅ‡∏ó‡πâüíØ%_üëâ‡∏£‡∏≤‡∏Ñ‡∏≤_325_‡∏ö‡∏≤‡∏ó_üì¶‡∏™‡πà‡∏á‡∏ü‡∏£‡∏µ‡πÄ‡∏Å‡πá‡∏ö‡πÄ‡∏á‡∏¥‡∏ô‡∏õ‡∏•‡∏≤‡∏¢‡∏ó‡∏≤‡∏á_1743249520.jpg,Fail
‡πÅ‡∏ö‡∏ï‡∏™‡∏≥‡∏£‡∏≠‡∏á_‡∏û‡∏≤‡∏ß‡πÄ‡∏ß‡∏≠‡∏£‡πå‡πÅ‡∏ö‡∏á‡∏Ñ‡πå_Asaki_‡πÅ‡∏ó‡πâ_AB_3564_1743245146.jpg,Fail
‡∏û‡∏≤‡∏ß‡πÄ‡∏ß‡∏≠‡∏£‡πå‡πÅ‡∏ö‡∏á‡∏Ñ‡πå_Asaki_ab_3564_1743252792.jpg,Fail
‡πÅ‡∏ö‡∏ï‡∏™‡∏≥‡∏£‡∏≠‡∏á_1743244930.jpg,Fail
OUKU_P40_Powerbank_‡πÅ‡∏ö‡∏ï‡πÄ‡∏ï‡∏≠‡∏£‡∏µ‡πà‡∏™‡πç‡∏≤‡∏£‡∏≠‡∏á_10000mAh_PD20W+QC22.5W_‡∏°‡∏µ‡∏™‡∏≤‡∏¢‡∏ä‡∏≤‡∏£‡πå‡∏à‡πÉ‡∏ô‡∏ï‡∏±‡∏ß_‡∏û‡∏£‡πâ‡∏≠‡∏°‡∏à‡∏≠_LED_1743243450.jpg,Fail
‡∏û‡∏≤‡∏ß‡πÄ‡∏ß‡∏≠‡∏£‡πå‡πÅ‡∏ö‡∏á‡∏Ñ‡πå_ab3566f_1743255150.jpg,Fail
‡∏û‡∏≤‡∏ß‡πÄ‡∏ß‡∏≠‡∏£‡πå‡πÅ‡∏ö‡∏á‡∏Ñ‡πå_Asaki_ab3566f_‡πÅ‡∏ó‡πâ_1743252083.jpg,Fail
‡∏´‡∏π‡∏ü‡∏±‡∏á‡∏Ñ‡∏π‡πà‡∏û‡∏≤‡∏ß‡πÄ‡∏ß‡∏≠‡∏£‡πå‡πÅ‡∏ö‡∏á‡∏Ñ‡πå_asaki_1743257412.jpg,Fail
‡∏´‡∏π‡∏ü‡∏±‡∏á‡∏Ñ‡∏π‡πà‡∏û‡∏≤‡∏ß‡πÄ‡∏ß‡∏≠‡∏£‡πå‡πÅ‡∏ö‡∏á‡∏Ñ‡πå_Asaki_1743247617.jpg,Fail
Power_bank__Anker__‡∏£‡∏∏‡πà‡∏ô_A1244_1743259441.jpg,Fail
[‡∏°‡∏µ‡∏°‡∏≠‡∏Å.]_Powerbank_OUKU_P23I_‡∏Ñ‡∏ß‡∏≤‡∏°‡∏à‡∏∏_5000_mAh_‡∏û‡∏≤‡∏ß‡πÄ‡∏ß‡∏≠‡∏£‡πå‡πÅ‡∏ö‡∏á‡∏Ñ‡πå_Mini_‡∏ä‡∏≤‡∏£‡πå‡∏à‡πÄ‡∏£‡πá‡∏ß_15W_‡∏°‡∏µ‡∏´‡∏ô‡πâ‡∏≤‡∏à‡∏≠_LED_‡πÅ‡∏ö‡∏ï‡∏™‡∏≥‡∏£‡∏≠‡∏á_1743254377.jpg,Fail
power_bank_10.000_1743245241.jpg,Fail
power_bank_30000mAh_1743245441.jpg,Fail
‡∏û‡∏≤‡∏ß‡πÄ‡∏ß‡∏≠‡∏£‡πå‡πÅ‡∏ö‡∏á‡∏Ñ‡πå_asaki3566f_‡πÅ‡∏ó‡πâ_1743248759.jpg,Fail
‡πÅ‡∏ö‡∏ï‡∏™‡∏≥‡∏£‡∏≠‡∏á‡πÅ‡∏ö‡∏£‡∏ô‡∏î‡πå‡∏™‡∏∏‡∏î‡∏Æ‡∏¥‡∏ï‡∏£‡∏∏‡πà‡∏ô‡πÉ‡∏´‡∏°‡πà‡∏•‡πà‡∏≤‡∏™‡∏∏‡∏î‡∏à‡∏≤‡∏Å_Orsen_by_Eloop_‡∏£‡∏∏‡πà‡∏ô_EW55_20000mAh_PD_20W_‡∏ä‡∏≤‡∏£‡πå‡∏à‡∏û‡∏•‡∏±‡∏á‡πÉ‡∏´‡πâ‡∏Å‡∏±‡∏ö‡∏≠‡∏∏‡∏õ‡∏Å‡∏£_1743252265.jpg,Fail
Power_bank_mofit_10,000_mAh_1743248412.jpg,Fail
‡∏û‡∏≤‡∏ß‡πÄ‡∏ß‡∏≠‡∏£‡πå‡πÅ‡∏ö‡∏á‡∏Ñ‡πå_Asaki_ab_3564_1743252790.jpg,Fail
‡πÅ‡∏ö‡∏ï‡∏™‡∏≥‡∏£‡∏≠‡∏á‡∏´‡∏ô‡πâ‡∏≤‡∏à‡∏≠‡∏î‡∏¥‡∏à‡∏¥‡∏ï‡∏≠‡∏•_‡∏ä‡∏≤‡∏£‡πå‡∏à‡πÄ‡∏£‡πá‡∏ß_Hoco_PK-03_12,000_mAh_22.5W_PD+QC3.0_1743255352.jpg,Fail
‡πÅ‡∏ö‡∏ï‡∏™‡∏≥‡∏£‡∏≠‡∏á_1743254513.jpg,Fail
SUNESY_‡∏û‡∏≤‡∏ß‡πÄ‡∏ß‡∏≠‡∏£‡πå‡πÅ‡∏ö‡∏á‡∏Ñ‡πå1000000Ah_100W_1743250251.jpg,Fail
‡∏´‡∏π‡∏ü‡∏±‡∏á‡∏ö‡∏•‡∏π‡∏ó‡∏π‡∏ò_‡∏Ñ‡∏π‡πà_‡∏û‡∏≤‡∏ß‡πÄ‡∏ß‡∏≠‡∏£‡πå‡πÅ‡∏ö‡∏á‡∏Ñ‡πå_Asaki_1743242723.jpg,Fail
OUKU_P40_Powerbank_‡πÅ‡∏ö‡∏ï‡πÄ‡∏ï‡∏≠‡∏£‡∏µ‡πà‡∏™‡πç‡∏≤‡∏£‡∏≠‡∏á_10000mAh_PD20W+QC22.5W_‡∏°‡∏µ‡∏™‡∏≤‡∏¢‡∏ä‡∏≤‡∏£‡πå‡∏à‡πÉ‡∏ô‡∏ï‡∏±‡∏ß_‡∏û‡∏£‡πâ‡∏≠‡∏°‡∏à‡∏≠_LED_1743243453.jpg,Fail
(‡πÑ‡∏°‡πà‡∏°‡∏µ‡∏à‡∏±‡∏î‡πÄ‡∏Å‡πá‡∏ö‡∏õ‡∏•‡∏≤‡∏¢‡∏ó‡∏≤‡∏á)‡∏ô‡∏±‡∏î‡∏£‡∏±‡∏ö‡∏™‡∏¥‡∏ô‡∏Ñ‡πâ‡∏≤‡∏•‡∏≤‡∏î‡∏û‡∏£‡πâ‡∏≤‡∏ß‡πÅ‡∏õ‡∏î‡πÄ‡∏à‡πá‡∏î_‡∏û‡∏≤‡∏ß‡πÄ‡∏ß‡∏≠‡∏£‡πå‡πÅ‡∏ö‡∏á‡∏Ñ‡πå‡∏™‡∏≥‡∏£‡∏≠‡∏á_10,000_‡πÅ‡∏≠‡∏°_‡πÑ‡∏£‡πâ‡∏™‡∏≤‡∏¢_1743249537.jpg,Fail
‡πÅ‡∏ö‡∏ï‡πÄ‡∏ï‡∏≠‡∏£‡∏µ‡πà‡∏™‡∏≥‡∏£‡∏≠‡∏á_‡πÅ‡∏ö‡∏ï‡∏û‡∏Å‡∏û‡∏≤_‡πÉ‡∏ä‡πâ‡∏á‡∏≤‡∏ô‡∏™‡∏∞‡∏î‡∏ß‡∏Å_Power_Bank_Eloop_10,000mAh_1743255730.jpg,Fail
‡πÅ‡∏ö‡∏ï‡∏™‡∏≥‡∏£‡∏≠‡∏á‡∏°‡∏¥‡∏ô‡∏¥_‡∏°‡∏µ_2_‡∏™‡∏µ_‡∏™‡∏µ‡∏Ç‡∏≤‡∏ß‡πÅ‡∏•‡∏∞‡∏™‡∏µ‡∏î‡∏≥_‡∏Ç‡∏ô‡∏≤‡∏î‡πÄ‡∏•‡πá‡∏Å_‡∏Å‡∏∞‡∏ó‡∏±‡∏î‡∏£‡∏±‡∏î_‡∏ä‡∏≤‡∏£‡πå‡∏à‡πÑ‡∏ß_5000_MAH_1743255032.jpg,Fail
‡πÅ‡∏ö‡∏ï‡∏™‡∏≥‡∏£‡∏≠‡∏á_Asaki_3566f_‡πÅ‡∏ó‡πâ_1743252806.jpg,Fail
HOCO_J66A_‡πÅ‡∏ö‡∏ï‡∏™‡∏≥‡∏£‡∏≠‡∏á_‡πÄ‡∏û‡∏≤‡πÄ‡∏ß‡∏≠‡∏£‡πå‡πÅ‡∏ö‡∏á‡∏Ñ‡πå_Powerbank_20,000_Mah_‡∏ä‡∏≤‡∏£‡πå‡∏à‡πÄ‡∏£‡πá‡∏ß_‡∏Ç‡∏≠‡∏á‡πÅ‡∏ó‡πâ_1743259074.jpg,Fail
‡πÅ‡∏ö‡∏ï‡∏™‡∏≥‡∏£‡∏≠‡∏á_Asaki_ab_3564_1743246273.jpg,Fail
AUKEY_PB-Y41_‡∏û‡∏≤‡∏ß‡πÄ‡∏ß‡∏≠‡∏£‡πå‡πÅ‡∏ö‡∏á‡∏Ñ‡πå‡∏ä‡∏≤‡∏£‡πå‡∏à‡πÄ‡∏£‡πá‡∏ß_1743258111.jpg,Fail
Power_bank_‡∏¢‡∏±‡∏á‡πÑ‡∏°‡πà‡πÑ‡∏î‡πâ‡πÉ‡∏ä‡πâ_10000mah_1743243387.jpg,Fail
‡∏û‡∏≤‡∏ß‡πÄ‡∏ß‡∏≠‡∏£‡πå‡πÅ‡∏ö‡∏á‡∏Ñ‡πå_‡πÅ‡∏ö‡∏ï‡∏™‡∏≥‡∏£‡∏≠‡∏á_Asaki_1743259158.jpg,Fail
Orsen_by_Eloop_EW54_EW55_E53_E43_E59_10000mAh_20000mAh_25000mAh_‡πÅ‡∏ö‡∏ï‡∏™‡∏≥‡∏£‡∏≠‡∏á_‡∏û‡∏≤‡∏ß‡πÄ‡∏ß‡∏≠‡∏£‡πå‡πÅ‡∏ö‡∏á‡∏Ñ‡πå_1743255062.jpg,Fail
‡∏û‡∏≤‡∏ß‡πÄ‡∏ß‡∏≠‡∏£‡πå‡πÅ‡∏ö‡∏á‡∏Ñ‡πå_Asaki_ab_3566f_‡πÅ‡∏ó‡πâ‡∏°‡∏µ‡∏£‡∏±‡∏ö‡∏õ‡∏£‡∏∞‡∏Å‡∏±‡∏ô15‡πÄ‡∏î‡∏∑‡∏≠‡∏ô_1743260559.jpg,Fail
‡πÅ‡∏ö‡∏ï‡∏™‡∏≥‡∏£‡∏≠‡∏á‡πÑ‡∏ü_10000‡πÅ‡∏≠‡∏°‡∏õ‡πå‡∏á‡∏≤‡∏ô‡∏Ñ‡∏∏‡∏ì‡∏†‡∏≤‡∏û‡∏î‡∏µ_‡∏°‡∏≠‡∏Å_‡∏õ‡∏£‡∏∞‡πÄ‡∏ó‡∏®‡πÑ‡∏ó‡∏¢_1743255811.jpg,Fail
‡∏≠‡∏≤‡∏ã‡∏≤‡∏Å‡∏¥_Power_Bank_10,000_‡πÅ‡∏≠‡∏°‡∏õ‡πå_1743241473.jpg,Fail
power_bank_‡πÑ‡∏£‡πâ‡∏™‡∏≤‡∏¢_‡∏ä‡∏≤‡∏£‡πå‡∏à‡∏°‡∏∑‡∏≠‡∏ñ‡∏∑‡∏≠_ipod_Apple_watch_1743256995.jpg,Fail
power_bank_Asaki_10,000_mah_‡∏ä‡∏≤‡∏£‡πå‡∏à‡πÑ‡∏ß22.5w_1743259461.jpg,Fail
‡πÅ‡∏ö‡∏ï‡∏™‡∏≥‡∏£‡∏≠‡∏á10000‡πÅ‡∏≠‡∏°‡∏õ‡πå_‡∏á‡∏≤‡∏ô‡∏Ñ‡∏∏‡∏ì‡∏†‡∏≤‡∏û‡∏î‡∏µ_‡∏°‡∏µ‡∏Ç‡∏≤‡πÄ‡∏™‡∏µ‡∏¢‡∏ö‡πÑ‡∏ü‡∏ö‡πâ‡∏≤‡∏ô_‡∏°‡∏µ‡∏™‡∏≤‡∏¢‡πÉ‡∏ô‡∏ï‡∏±‡∏ß_pd22.5w_1743241505.jpg,Fail
[‡∏°‡∏µ‡∏°‡∏≠‡∏Å.]_Powerbank_OUKU_P23I_‡∏Ñ‡∏ß‡∏≤‡∏°‡∏à‡∏∏_5000_mAh_‡∏û‡∏≤‡∏ß‡πÄ‡∏ß‡∏≠‡∏£‡πå‡πÅ‡∏ö‡∏á‡∏Ñ‡πå_Mini_‡∏ä‡∏≤‡∏£‡πå‡∏à‡πÄ‡∏£‡πá‡∏ß_15W_‡∏°‡∏µ‡∏´‡∏ô‡πâ‡∏≤‡∏à‡∏≠_LED_‡πÅ‡∏ö‡∏ï‡∏™‡∏≥‡∏£‡∏≠‡∏á_1743250200.jpg,Fail
‡∏Ç‡∏≤‡∏¢_power_bank_‡∏£‡∏∏‡πà‡∏ô_ACMIC_1743243372.jpg,Fail
FNKvision_PowerbankFNK-81_L10000mAh_1743252654.jpg,Fail
‡∏û‡∏≤‡∏ß‡πÄ‡∏ß‡∏≠‡∏£‡πå‡πÅ‡∏ö‡∏á‡∏Ñ‡πå_‡πÅ‡∏ö‡∏ï‡∏™‡∏≥‡∏£‡∏≠‡∏á_Asaki_1743259159.jpg,Fail
Power_bank_ORSEN_‡πÅ‡∏ó‡πâ_30000mAh_‡∏¢‡∏±‡∏á‡πÑ‡∏°‡πà‡πÑ‡∏î‡πâ‡πÅ‡∏Å‡∏∞‡∏Å‡∏•‡πà‡∏≠‡∏á_1743250631.jpg,Fail
power_bank_10,000_‡πÅ‡∏≠‡∏°‡∏õ‡πå‡∏ä‡∏¥‡πâ‡∏ô‡∏•‡∏∞_400_‡∏ö‡∏≤‡∏ó_1743246194.jpg,Fail
Power_bank_‡∏¢‡∏±‡∏á‡πÑ‡∏°‡πà‡πÑ‡∏î‡πâ‡πÉ‡∏ä‡πâ_10000mah_1743243390.jpg,Fail
‡∏Ç‡∏≤‡∏¢_Power_Bank_ACMIC_AP30-06PD_30000mAh_‡∏™‡∏†‡∏≤‡∏û‡∏î‡∏µ_1743250603.jpg,Fail
‡∏´‡∏π‡∏ü‡∏±‡∏á‡∏Ñ‡∏π‡πà‡∏û‡∏≤‡∏ß‡πÄ‡∏ß‡∏≠‡∏£‡πå‡πÅ‡∏ö‡∏á‡∏Ñ‡πå_Asaki_1743249267.jpg,Fail
‡πÅ‡∏ö‡∏ï‡∏™‡∏≥‡∏£‡∏≠‡∏á‡πÑ‡∏ü_10000‡πÅ‡∏≠‡∏°‡∏õ‡πå‡∏á‡∏≤‡∏ô‡∏Ñ‡∏∏‡∏ì‡∏†‡∏≤‡∏û‡∏î‡∏µ_‡∏°‡∏≠‡∏Å_‡∏õ‡∏£‡∏∞‡πÄ‡∏ó‡∏®‡πÑ‡∏ó‡∏¢_1743255812.jpg,Fail
‡∏Ç‡∏≤‡∏¢_power_bank_‡∏£‡∏∏‡πà‡∏ô_ACMIC_1743243370.jpg,Fail
power_bank_10000_mAh_1743247401.jpg,Fail
‡∏´‡∏π‡∏ü‡∏±‡∏á‡∏ö‡∏•‡∏π‡∏ó‡∏π‡∏ò_‡∏Ñ‡∏π‡πà_‡∏û‡∏≤‡∏ß‡πÄ‡∏ß‡∏≠‡∏£‡πå‡πÅ‡∏ö‡∏á‡∏Ñ‡πå_Asaki_1743253878.jpg,Fail
power_bank_Asaki_10,000_mah_‡∏ä‡∏≤‡∏£‡πå‡∏à‡πÑ‡∏ß22.5w_1743259463.jpg,Fail
Q.max_GC55_‡∏û‡∏≤‡∏ß‡πÄ‡∏ß‡∏≠‡∏£‡πå‡πÅ‡∏ö‡∏á‡∏Ñ‡πå_‡∏Ñ‡∏ß‡∏≤‡∏°‡∏à‡∏∏_20000_mAH_1743247545.jpg,Fail
‡∏≠‡∏≤‡∏ã‡∏≤‡∏Å‡∏¥_Power_Bank_10,000_‡πÅ‡∏≠‡∏°‡∏õ‡πå_1743241471.jpg,Fail
‡∏´‡∏π‡∏ü‡∏±‡∏á‡∏ö‡∏•‡∏π‡∏ó‡∏π‡∏ò_‡∏Ñ‡∏π‡πà_‡πÅ‡∏ö‡∏ï‡∏™‡∏≥‡∏£‡∏≠‡∏á_Asaki_1743255711.jpg,Fail
‡πÅ‡∏ö‡∏ï‡∏™‡∏≥‡∏£‡∏≠‡∏á_Hoco_RK3_Powerbank_20000mah_Dual_Input_Output_‡πÅ‡∏ö‡∏ï‡πÄ‡∏¢‡∏≠‡∏∞‡∏à‡∏∏‡πÉ‡∏à‡πÉ‡∏ä‡πâ‡πÑ‡∏î‡πâ‡∏ô‡∏≤‡∏ô_1743244028.jpg,Fail
‡∏û‡∏≤‡∏ß‡πÄ‡∏ß‡∏≠‡∏£‡πå‡πÅ‡∏ö‡∏á‡∏Ñ‡πå_1743241229.jpg,Fail
#‡∏°‡∏≤‡πÅ‡∏•‡πâ‡∏ß‡∏Ñ‡∏£‡∏±‡∏ö‡∏£‡∏≤‡∏Ñ‡∏≤‡∏ô‡∏≤‡∏ó‡∏µ‡∏ó‡∏≠‡∏á‡∏ñ‡∏π‡∏Å‡∏Å‡∏ß‡πà‡∏≤‡∏ô‡∏µ‡πâ‡∏´‡∏≤‡πÑ‡∏°‡πà‡πÑ‡∏î‡πâ‡πÅ‡∏•‡πâ‡∏ß‡∏°‡∏µ‡πÇ‡∏õ‡∏£‡∏™‡πà‡∏ß‡∏ô‡∏•‡∏î‡∏î‡πâ‡∏ß‡∏¢‡∏ô‡∏∞üåàüíØ_[347‡∏ö._PAYDAY]_Orsen_by_Eloop_E53_1743247856.jpg,Fail
Power_Bank_10000_mAh_YooBao_(‡πÅ‡∏ó‡πâ_‡∏°‡∏≠‡∏Å.)_1743244400.jpg,Fail
‡πÅ‡∏ö‡∏ï‡∏™‡∏≥‡∏£‡∏≠‡∏á_10000_MAh_1743254929.jpg,Fail
Power_bank_1743246813.jpg,Fail
qplus_power_bank_1743255995.jpg,Fail
Power_Bank_1743250042.jpg,Fail
‡∏û‡∏≤‡∏ß‡πÄ‡∏ß‡∏≠‡∏£‡πå‡πÄ‡πÄ‡∏ö‡∏á_1743246328.jpg,Fail
‡∏´‡∏π‡∏ü‡∏±‡∏á‡πÑ‡∏£‡πâ‡∏™‡∏≤‡∏¢_‡∏Ñ‡∏π‡πà_‡∏û‡∏≤‡∏ß‡πÄ‡∏ß‡∏≠‡∏£‡πå‡πÅ‡∏ö‡∏á‡∏Ñ‡πåAsaki_1743261097.jpg,Fail
‡πÅ‡∏ö‡∏ï‡∏™‡∏≥‡∏£‡∏≠‡∏á_‡∏Ñ‡∏π‡πà‡∏´‡∏π‡∏ü‡∏±‡∏á‡∏ö‡∏•‡∏π‡∏ó‡∏π‡∏ò_1743244823.jpg,Fail
‡∏≠‡∏≤‡∏ã‡∏≤‡∏Å‡∏¥_Power_Bank_10,000_‡πÅ‡∏≠‡∏°‡∏õ‡πå_1743241475.jpg,Fail
‡∏•‡∏î‡∏•‡πâ‡∏≤‡∏á‡∏™‡∏ï‡πä‡∏≠‡∏Å_‡∏û‡∏≤‡∏ß‡πÄ‡∏ß‡∏≠‡∏£‡πå‡πÅ‡∏ö‡∏á‡∏Ñ‡πå_‡∏≠‡∏≤‡∏ã‡∏≤‡∏Å‡∏¥_‡πÅ‡∏ó‡πâ_10,000_AM_‡∏à‡∏≤‡∏Å_350_‡∏ö._1743256091.jpg,Fail
‡πÅ‡∏ö‡∏ï‡∏™‡∏≥‡∏£‡∏≠‡∏á10000‡πÅ‡∏≠‡∏°‡∏õ‡πå_‡∏á‡∏≤‡∏ô‡∏Ñ‡∏∏‡∏ì‡∏†‡∏≤‡∏û‡∏î‡∏µ_‡∏°‡∏µ‡∏Ç‡∏≤‡πÄ‡∏™‡∏µ‡∏¢‡∏ö‡πÑ‡∏ü‡∏ö‡πâ‡∏≤‡∏ô_‡∏°‡∏µ‡∏™‡∏≤‡∏¢‡πÉ‡∏ô‡∏ï‡∏±‡∏ß_pd22.5w_1743241503.jpg,Fail
power_bank_‡πÑ‡∏£‡πâ‡∏™‡∏≤‡∏¢_‡∏ä‡∏≤‡∏£‡πå‡∏à‡∏°‡∏∑‡∏≠‡∏ñ‡∏∑‡∏≠_ipod_Apple_watch_1743256993.jpg,Fail
MOFIT_M10_PowerBank_10000mAh_‡∏û‡∏≤‡∏ß‡πÄ‡∏ß‡∏≠‡∏£‡πå‡πÅ‡∏ö‡∏á‡∏Ñ‡πå‡∏Ç‡∏ô‡∏≤‡∏î‡πÄ‡∏•‡πá‡∏Å_‡∏û‡∏Å‡∏û‡∏≤‡∏™‡∏∞‡∏î‡∏ß‡∏Å_1743260116.jpg,Fail
‡∏Ç‡∏≤‡∏¢_power_bank_‡∏£‡∏∏‡πà‡∏ô_ACMIC_1743243374.jpg,Fail
‡∏û‡∏≤‡∏ß‡πÄ‡∏ß‡∏≠‡∏£‡πå‡πÅ‡∏ö‡∏á‡∏Ñ‡πå_10000_mAh_1743242019.jpg,Fail
Power_bank_1743260962.jpg,Fail
‡∏°‡∏¥‡∏ô‡∏¥‡∏û‡∏≤‡∏ß‡πÄ‡∏ß‡∏≠‡∏£‡πå‡πÅ‡∏ö‡∏á‡∏Ñ‡πå‡πÅ‡∏Ñ‡∏õ‡∏ã‡∏π‡∏•_5000mAh_‡∏°‡∏µ2‡∏´‡∏±‡∏ß‡∏ä‡∏≤‡∏£‡πå‡∏à_‡∏°‡∏µ4‡∏™‡∏µ_1743241648.jpg,Fail
Commy_Power_bank_P12_10,000_mAh_1743256543.jpg,Fail
Hoco_DB02_powerbank_10000mAh_‡∏°‡∏µ‡∏°‡∏≠‡∏Å._‡∏°‡∏≤‡∏û‡∏£‡πâ‡∏≠‡∏°‡∏™‡∏≤‡∏¢‡∏ä‡∏≤‡∏£‡πå‡∏à_4_‡πÄ‡∏™‡πâ‡∏ô‡πÉ‡∏ô‡∏ï‡∏±‡∏ß_‡∏ä‡∏≤‡∏£‡πå‡∏à‡πÄ‡∏£‡πá‡∏ß_‡∏û‡∏≤‡∏ß‡πÄ‡∏ß‡∏≠‡∏£‡πå‡πÅ‡∏ö‡∏á‡∏Ñ‡πå_1743245474.jpg,Fail
qplus_power_bank_1743255994.jpg,Fail
UNEED_‡∏û‡∏≤‡∏ß‡πÄ‡∏ß‡∏≠‡∏£‡πå‡πÅ‡∏ö‡∏á‡∏Ñ‡πå‡πÑ‡∏£‡πâ‡∏™‡∏≤‡∏¢_Magnetic_PD_22.5W_PowerBank_‡πÅ‡∏ö‡∏ï‡∏™‡πç‡∏≤‡∏£‡∏≠‡∏á_0.65cm_6000_12000mAh_1743242828.jpg,Fail
Orsen_by_Eloop_1299‡∏ö._‡∏£‡∏±‡∏ö‡∏õ‡∏£‡∏∞‡∏Å‡∏±‡∏ô_1‡∏õ‡∏µ]_Orsen_by_Eloop_E45_‡πÅ‡∏ö‡∏ï‡∏™‡∏≥‡∏£‡∏≠‡∏á‡∏ä‡∏≤‡∏£‡πå‡∏à‡πÄ‡∏£‡πá‡∏ß_20000mAh_1743246717.jpg,Fail
Commy_Power_bank_P12_10,000_mAh_1743256541.jpg,Fail
‡∏û‡∏≤‡∏ß‡πÄ‡∏ß‡∏≠‡∏£‡πå‡πÅ‡∏ö‡∏á‡∏Ñ‡πå_1743242928.jpg,Fail
Power_bank_1743245458.jpg,Fail
HOCO_DK6-A13_Wireless_powerbank_10000mAh_‡∏ä‡∏≤‡∏£‡πå‡∏à‡πÄ‡∏£‡πá‡∏ß_22.5W_‡∏°‡∏µ‡∏™‡∏≤‡∏¢‡πÉ‡∏ô‡∏ï‡∏±‡∏ß_‡∏ä‡∏≤‡∏£‡πå‡∏à‡πÑ‡∏£‡πâ‡∏™‡∏≤‡∏¢‡πÑ‡∏î‡πâ_‡∏°‡∏µ_‡∏°‡∏≠‡∏Å._1743251711.jpg,Fail
‡∏û‡∏≤‡∏ß‡πÄ‡∏ß‡∏≠‡∏£‡πå‡πÅ‡∏ö‡∏á‡∏Ñ‡πå_Asaki_ab_3566f_‡πÅ‡∏ó‡πâ‡∏°‡∏µ‡∏£‡∏±‡∏ö‡∏õ‡∏£‡∏∞‡∏Å‡∏±‡∏ô15‡πÄ‡∏î‡∏∑‡∏≠‡∏ô_1743260560.jpg,Fail
Powerbank_Mech_style_wireless_10000mAh_1743260627.jpg,Fail
‡∏Ç‡∏≤‡∏¢_power_bank_‡∏£‡∏∏‡πà‡∏ô_ACMIC_1743243376.jpg,Fail
‡∏•‡∏î‡∏•‡πâ‡∏≤‡∏á‡∏™‡∏ï‡πä‡∏≠‡∏Å_‡∏û‡∏≤‡∏ß‡πÄ‡∏ß‡∏≠‡∏£‡πå‡πÅ‡∏ö‡∏á‡∏Ñ‡πå_‡∏≠‡∏≤‡∏ã‡∏≤‡∏Å‡∏¥_‡πÅ‡∏ó‡πâ_10,000_AM_‡∏à‡∏≤‡∏Å_350_‡∏ö._1743256092.jpg,Fail
Power_Bank_ALPHA-X_ALP10-28PD_Pro_1743250178.jpg,Fail
‡πÅ‡∏ö‡∏ï‡∏™‡∏≥‡∏£‡∏≠‡∏á10000‡πÅ‡∏≠‡∏°‡∏õ‡πå_‡∏á‡∏≤‡∏ô‡∏Ñ‡∏∏‡∏ì‡∏†‡∏≤‡∏û‡∏î‡∏µ_‡∏°‡∏µ‡∏Ç‡∏≤‡πÄ‡∏™‡∏µ‡∏¢‡∏ö‡πÑ‡∏ü‡∏ö‡πâ‡∏≤‡∏ô_‡∏°‡∏µ‡∏™‡∏≤‡∏¢‡πÉ‡∏ô‡∏ï‡∏±‡∏ß_pd22.5w_1743241500.jpg,Fail
Q.max_GC55_‡∏û‡∏≤‡∏ß‡πÄ‡∏ß‡∏≠‡∏£‡πå‡πÅ‡∏ö‡∏á‡∏Ñ‡πå_‡∏Ñ‡∏ß‡∏≤‡∏°‡∏à‡∏∏_20000_mAH_1743247542.jpg,Fail
POWER_BANK_20000mAh_1743245339.jpg,Fail
power_bank_Asaki_10,000_mah_‡∏ä‡∏≤‡∏£‡πå‡∏à‡πÑ‡∏ß22.5w_1743259458.jpg,Fail
power_bank_Asaki_10,000_mah_‡∏ä‡∏≤‡∏£‡πå‡∏à‡πÑ‡∏ß22.5w_1743259459.jpg,Fail
Powerbank_E29_1743247063.jpg,Fail
‡∏û‡∏≤‡∏ß‡πÄ‡∏ß‡∏≠‡∏£‡πå‡πÄ‡πÄ‡∏ö‡∏á_‡πÄ‡πÄ‡∏ö‡∏ï‡∏™‡∏≥‡∏£‡∏≠‡∏á_1743248456.jpg,Fail
‡∏û‡∏≤‡∏ß‡πÄ‡∏ß‡∏≠‡∏£‡πå‡πÅ‡∏ö‡∏á‡∏Ñ‡πå_Asaki_ab_3566f_‡πÅ‡∏ó‡πâ‡∏°‡∏µ‡∏£‡∏±‡∏ö‡∏õ‡∏£‡∏∞‡∏Å‡∏±‡∏ô15‡πÄ‡∏î‡∏∑‡∏≠‡∏ô_1743260561.jpg,Fail
‡∏û‡∏≤‡∏ß‡πÄ‡∏ß‡∏≠‡∏£‡πå‡πÅ‡∏ö‡∏á‡∏Ñ‡πå_‡∏¢‡∏µ‡πà‡∏´‡πâ‡∏≠_WHY_10,000_mah_1743255698.jpg,Fail
iMI_powerbank_fast_charge_22.5W_20000mAh_‡∏û‡∏≤‡∏ß‡πÄ‡∏ß‡∏≠‡∏£‡πå‡πÅ‡∏ö‡∏á‡∏Ñ‡πå_‡∏°‡∏µ‡∏™‡∏≤‡∏¢‡∏ä‡∏≤‡∏£‡πå‡∏à‡πÉ‡∏ô‡∏ï‡∏±‡∏ß_‡πÅ‡∏ö‡∏ï‡∏™‡∏≥‡∏£‡∏≠‡∏á‡∏û‡∏Å‡∏û‡∏≤_‡∏õ‡∏£‡∏∞‡∏Å‡∏±‡∏ô1‡∏õ‡∏µ_1743253823.jpg,Fail
‡∏û‡∏≤‡∏ß‡πÄ‡∏ß‡∏≠‡∏£‡πå‡πÅ‡∏ö‡∏á‡∏Ñ‡πå_1743242929.jpg,Fail
‡∏û‡∏≤‡∏ß‡πÄ‡∏ß‡∏≠‡∏£‡πå‡πÅ‡∏ö‡∏á‡∏Ñ‡πå_1743259110.jpg,Fail
