Title,Price,Link
Suggested,No Price,No Link
Distance: Nearest first,No Price,No Link
Date listed: Newest first,No Price,No Link
Price: Lowest first,No Price,No Link
Price: Highest first,No Price,No Link
New,No Price,No Link
Used – like new,No Price,No Link
Used – good,No Price,No Link
Used – fair,No Price,No Link
All,No Price,No Link
Last 24 hours,No Price,No Link
Last 7 days,No Price,No Link
Last 30 days,No Price,No Link
Available,No Price,No Link
Sold,No Price,No Link
Suggested,No Price,No Link
Distance: Nearest first,No Price,No Link
Date listed: Newest first,No Price,No Link
Price: Lowest first,No Price,No Link
Price: Highest first,No Price,No Link
New,No Price,No Link
Used – like new,No Price,No Link
Used – good,No Price,No Link
Used – fair,No Price,No Link
All,No Price,No Link
Last 24 hours,No Price,No Link
Last 7 days,No Price,No Link
Last 30 days,No Price,No Link
Available,No Price,No Link
Sold,No Price,No Link
