URL,Type
https://www.facebook.com/powerbankfirstshop/posts/pfbid02iKPJopnT6MkNFvdxmNuh15DowkUru2VGx8ejLouUXQH9wNUj7cHPo7VWCpJV2oXTl?comment_id=2977352202538415&__cft__[0]=AZV-JHvNtNPU_HjwDOP8iEnnCDlwI_Vjbm4IH3Q3Rkvk8ReC4EJaXg16IcZc9yLB459ebRQGJFbibXs9jOMsQg22SZ5xj9d2zS6wh4qUjxfKnplWEmq2dFNQxxVLJKwnMxERbMob64zkaJjraVonTyjQASEzhvtau_28syKMRvfG4gsKlzsZCPm9XAiB4FLvxwM8bDXfWTRmhpQtXToTMF4a&__tn__=R-R,Page Post
https://www.facebook.com/THKongDee/posts/pfbid02CNHiUxL8cDkdJCQ3qbBTfsGA2H7mU9cnmBVU4GDHpxRngYWvPrS5Jkakn2k5nUsil,Page Post
https://www.facebook.com/SHAudio9/posts/pfbid02FtQLNya1ZxhTWAEttBxyjnECGXXKedWz9gYcGdKt2VKvm6jQsKZsjrFNbC6tr4Mql,Page Post
https://www.facebook.com/PWbank88/posts/pfbid02uWVMmgnysqDVcz72EpA9Y3PYAMwDLRs7SrFgi8aw8qwcrGNKkMZb5dKHpQUmaAYl,Page Post
https://www.facebook.com/pratsaneeporn/posts/pfbid023oGrmrAuSDXSQPiWKbhqEuA7asxAA4jxfpYobnmy7g88Z4qN38ggLQuD7mqFGhdRl,Page Post
https://www.facebook.com/PowerBankPremium/posts/pfbid028RAbMktxtSH71AQiJVpo1si2NApNRqRB1edwpawH7RyDv7b6FV5GN4rfFNcLYe5Dl,Page Post
https://www.facebook.com/powerbankfirstshop/posts/pfbid02iKPJopnT6MkNFvdxmNuh15DowkUru2VGx8ejLouUXQH9wNUj7cHPo7VWCpJV2oXTl?comment_id=2977352202538415&__cft__[0]=AZVdskkRpvwjI8acS_gb22L2zYmNYgvgeZoZE3ZIcTz6e92CikRpQcFO6anJaKFBtzas9CmDqhBKHLi0HWwEG8onnCK6NAY8CIDmuxwzxo8IbyZhduLmWXdHh-AiDJTHBHVFoTXKb7sfunfBnlEVLwa7yCBGje_AnI70YnKG85k3Bw5DYYP3X3Cq82gYAfcE0EivWWeGvZzOaevx70DAUbNz&__tn__=R-R,Page Post
https://www.facebook.com/SHAudio9/posts/pfbid02AV5XgHbWEjbZwBtDtU3wuzDntyjhzASvZNqsSrj73nhkQgdAYYYpvg68UCGvVr59l,Page Post
https://www.facebook.com/marketplace/item/2069481383556454/,Marketplace Item
https://www.facebook.com/marketplace/item/602348222834999/,Marketplace Item
https://www.facebook.com/marketplace/item/1145845353891966/,Marketplace Item
https://www.facebook.com/marketplace/item/1988089544930128/,Marketplace Item
https://www.facebook.com/marketplace/item/474480532412176/,Marketplace Item
https://www.facebook.com/marketplace/item/1830210344460282/,Marketplace Item
https://www.facebook.com/marketplace/item/2064682287366733/,Marketplace Item
https://www.facebook.com/marketplace/item/1044685867426525/,Marketplace Item
https://www.facebook.com/marketplace/item/1180379157046468/,Marketplace Item
https://www.facebook.com/marketplace/item/617913681069508/,Marketplace Item
https://www.facebook.com/marketplace/item/615705444290516/,Marketplace Item
https://www.facebook.com/marketplace/item/877269924306613/,Marketplace Item
https://www.facebook.com/marketplace/item/661205526529483/,Marketplace Item
https://www.facebook.com/marketplace/item/573297222401206/,Marketplace Item
https://www.facebook.com/marketplace/item/956010632989963/,Marketplace Item
https://www.facebook.com/marketplace/item/1822325861894920/,Marketplace Item
https://www.facebook.com/marketplace/item/3030652600430468/,Marketplace Item
https://www.facebook.com/marketplace/item/630856999559158/,Marketplace Item
https://www.facebook.com/marketplace/item/522419520631064/,Marketplace Item
https://www.facebook.com/marketplace/item/1055827489915166/,Marketplace Item
https://www.facebook.com/marketplace/item/538917745947564/,Marketplace Item
https://www.facebook.com/marketplace/item/1968942510263539/,Marketplace Item
https://www.facebook.com/marketplace/item/1676827299569235/,Marketplace Item
https://www.facebook.com/marketplace/item/8956871417748030/,Marketplace Item
https://www.facebook.com/marketplace/item/1079586944183774/,Marketplace Item
https://www.facebook.com/marketplace/item/662395556474429/,Marketplace Item
https://www.facebook.com/marketplace/item/1599928877340373/,Marketplace Item
https://www.facebook.com/marketplace/item/451142141415981/,Marketplace Item
https://www.facebook.com/marketplace/item/1144908743743449/,Marketplace Item
https://www.facebook.com/marketplace/item/542067248398821/,Marketplace Item
https://www.facebook.com/marketplace/item/2418979878502300/,Marketplace Item
https://www.facebook.com/marketplace/item/1336547617763828/,Marketplace Item
https://www.facebook.com/marketplace/item/1574372076591486/,Marketplace Item
https://www.facebook.com/marketplace/item/1157319792756940/,Marketplace Item
https://www.facebook.com/marketplace/item/1204156241108025/,Marketplace Item
https://www.facebook.com/marketplace/item/1663232384565371/,Marketplace Item
https://www.facebook.com/marketplace/item/1049730063851868/,Marketplace Item
https://www.facebook.com/marketplace/item/635648752518685/,Marketplace Item
https://www.facebook.com/marketplace/item/937507631841925/,Marketplace Item
https://www.facebook.com/marketplace/item/969677081952620/,Marketplace Item
https://www.facebook.com/marketplace/item/1940606596688693/,Marketplace Item
https://www.facebook.com/marketplace/item/926698055916302/,Marketplace Item
https://www.facebook.com/marketplace/item/608691528609900/,Marketplace Item
https://www.facebook.com/marketplace/item/667879212563298/,Marketplace Item
https://www.facebook.com/marketplace/item/1384927509209306/,Marketplace Item
https://www.facebook.com/marketplace/item/1190622232768246/,Marketplace Item
https://www.facebook.com/marketplace/item/1002140854656486/,Marketplace Item
https://www.facebook.com/marketplace/item/2127370147688274/,Marketplace Item
https://www.facebook.com/marketplace/item/1710850339868163/,Marketplace Item
https://www.facebook.com/marketplace/item/625451106932833/,Marketplace Item
https://www.facebook.com/marketplace/item/3386330831671456/,Marketplace Item
https://www.facebook.com/marketplace/item/1367374277759972/,Marketplace Item
https://www.facebook.com/marketplace/item/1426174955019567/,Marketplace Item
https://www.facebook.com/marketplace/item/1179133960668091/,Marketplace Item
https://www.facebook.com/marketplace/item/961429499423700/,Marketplace Item
https://www.facebook.com/marketplace/item/1334652241259905/,Marketplace Item
https://www.facebook.com/marketplace/item/624347637134147/,Marketplace Item
https://www.facebook.com/marketplace/item/685383580592845/,Marketplace Item
https://www.facebook.com/marketplace/item/2645203115686913/,Marketplace Item
https://www.facebook.com/marketplace/item/516046754617701/,Marketplace Item
https://www.facebook.com/marketplace/item/1349160982749101/,Marketplace Item
https://www.facebook.com/marketplace/item/584005931351429/,Marketplace Item
https://www.facebook.com/marketplace/item/630051186589662/,Marketplace Item
https://www.facebook.com/marketplace/item/9823692670997680/,Marketplace Item
