บ้านและสระว่ายน้ำไฟเบอร์กลาส,https://www.facebook.com/marketplace/item/5281984148520999/
บ่อปลา ลำธาร น้ำตก,https://www.facebook.com/marketplace/item/672845318957117/
11p64,https://www.facebook.com/marketplace/item/643607607993826/
ขายเบส 4 สาย ยี่ห้อ selder,https://www.facebook.com/marketplace/item/2951476938346690/
เครื่องซักผ้าsamsung ฝาบน 13 kg,https://www.facebook.com/marketplace/item/1511533180259437/
"🏠 “ขายต่อก็กำไร ติดตั้งก็คุ้ม!”
บ้านน็อคดาวน์คุณภาพ ส่งตรงจากโรงงาน ราคาส่งสำหรับช่างและดีลเลอร์โดย",https://www.facebook.com/marketplace/item/2320024061733910/
"fender frontman 212r 
100 วัตต์
พร้อมเคส",https://www.facebook.com/marketplace/item/1379193993189266/
lenovo ideapad slim 5-16abr8-82xg004mta,https://www.facebook.com/marketplace/item/1266579805259066/
นาฬิกา rolex airking,https://www.facebook.com/marketplace/item/1300383548086054/
โซฟาปรับเหยียดขาและนอนได้,https://www.facebook.com/marketplace/item/600689412738149/
ขาย iphone 12 ขนาด 64gb,https://www.facebook.com/marketplace/item/1387503002307079/
panasonic dmc-gf7,https://www.facebook.com/marketplace/item/1704182896900257/
marshall emberton,https://www.facebook.com/marketplace/item/2137437970103868/
"กลองไฟฟ้า aroma tdx 15s 
*ถ้าอยากเสียบไฟลองตี ต้องติดไม้กลองกับลำโพงมาต่อลองเองนะครับ ที่บ้านไม่มี",https://www.facebook.com/marketplace/item/726817746750645/
nintendo switch oled,https://www.facebook.com/marketplace/item/1218996250008558/
ipad pro 11＇gen3,https://www.facebook.com/marketplace/item/1341051080958211/
พระบ้านเปิดเช่า3/7,https://www.facebook.com/marketplace/item/714872208065960/
ชุดโต๊ะอาหารไม้จริงเก้าอี้ 4 ตัว,https://www.facebook.com/marketplace/item/654800327336012/
โต๊ะกาแฟ,https://www.facebook.com/marketplace/item/1423899825418051/
2012 bmw x1 sdrive18i,https://www.facebook.com/marketplace/item/608495348964289/
2005 toyota fortuner,https://www.facebook.com/marketplace/item/1080618616738051/
1975 volk golf 3dr,https://www.facebook.com/marketplace/item/1318756373155421/
ipad 10th gen 256 gb (screen error),https://www.facebook.com/marketplace/item/595190730313088/
โดรน dji mini3,https://www.facebook.com/marketplace/item/1102781088383078/
ipad pro m1,https://www.facebook.com/marketplace/item/1203035034840331/
กล้อง olympus need adjust,https://www.facebook.com/marketplace/item/1846021229595660/
ขายกลองไฟฟ้าaroma tdx 15s สภาพดี,https://www.facebook.com/marketplace/item/1044896021105939/
2017 nissan navara,https://www.facebook.com/marketplace/item/1485634049535321/
ps4,https://www.facebook.com/marketplace/item/896622286014373/
พิณซ้ายพร้อมลำโพง,https://www.facebook.com/marketplace/item/1302813674786276/
marshall minor3,https://www.facebook.com/marketplace/item/4092282821018718/
meta  quest 3,https://www.facebook.com/marketplace/item/2500029307030695/
jbl partybox 310,https://www.facebook.com/marketplace/item/1557651318538962/
กล้องnikon,https://www.facebook.com/marketplace/item/790806893521286/
ps4 fat 500gb 1100a,https://www.facebook.com/marketplace/item/589223143999544/
กีต้าคลาสสิค yamaha cg102,https://www.facebook.com/marketplace/item/1248560536759950/
ขายแอมป์อคูสติก roland ac33,https://www.facebook.com/marketplace/item/1422961415491485/
2015 toyota commuter,https://www.facebook.com/marketplace/item/1272387554598318/
gamebox,https://www.facebook.com/marketplace/item/1279793670439096/
ipad pro 12.9,https://www.facebook.com/marketplace/item/1656174595100692/
2012 nissan murano,https://www.facebook.com/marketplace/item/1875474079694185/
ibanez gio soundgear 5 strings,https://www.facebook.com/marketplace/item/1185482166665071/
2015 mazda 3,https://www.facebook.com/marketplace/item/586843114253631/
ลู่วิง megamax มือสอง เกรดฟิตเนส สภาพสวยกริบ,https://www.facebook.com/marketplace/item/1054718989981937/
ipad gen9 (space grey),https://www.facebook.com/marketplace/item/1307923754073960/
oppo reno 6 5g,https://www.facebook.com/marketplace/item/1393871105026183/
realme 13 plus 5g,https://www.facebook.com/marketplace/item/1736582880286133/
2008 honda คลิ๊ก110ไอ,https://www.facebook.com/marketplace/item/1153350103493664/
ipad pro gen2 (2020)+apple pencil,https://www.facebook.com/marketplace/item/1524317945619198/
2017 toyota yaris,https://www.facebook.com/marketplace/item/2231495590606569/
1997 honda city,https://www.facebook.com/marketplace/item/744155111448994/
หมวกฟาส สีดำ,https://www.facebook.com/marketplace/item/1259602732325493/
1994 เบนซ์ w124,https://www.facebook.com/marketplace/item/1715919735709741/
เครื่องซักผ้าsamsung ฝาบน 13 kg,https://www.facebook.com/marketplace/item/1511533180259437/
พระบ้านเปิดเช่า3/7,https://www.facebook.com/marketplace/item/714872208065960/
2020 nissan navara np300 2.5 e king cab ฟรีดาวน์,https://www.facebook.com/marketplace/item/710863755181793/
1998 isuzu ดราก้อนอาย,https://www.facebook.com/marketplace/item/1069647561291131/
ipad 10th gen 256 gb (screen error),https://www.facebook.com/marketplace/item/595190730313088/
โดรน dji mini3,https://www.facebook.com/marketplace/item/1102781088383078/
ps4,https://www.facebook.com/marketplace/item/896622286014373/
2011 honda jazz,https://www.facebook.com/marketplace/item/1083863687028660/
2015 toyota commuter,https://www.facebook.com/marketplace/item/1272387554598318/
2012 nissan murano,https://www.facebook.com/marketplace/item/1875474079694185/
ibanez gio soundgear 5 strings,https://www.facebook.com/marketplace/item/1185482166665071/
รองเท้า crocs,https://www.facebook.com/marketplace/item/592003643986113/
honda click 110,https://www.facebook.com/marketplace/item/929149892579806/
ลู่วิง megamax มือสอง เกรดฟิตเนส สภาพสวยกริบ,https://www.facebook.com/marketplace/item/1054718989981937/
macbook pro 15 2016,https://www.facebook.com/marketplace/item/1357807535282427/
realme 13 plus 5g,https://www.facebook.com/marketplace/item/1736582880286133/
2017 toyota yaris,https://www.facebook.com/marketplace/item/2231495590606569/
1997 honda city,https://www.facebook.com/marketplace/item/744155111448994/
1994 เบนซ์ w124,https://www.facebook.com/marketplace/item/1715919735709741/
เครื่องซักผ้าsamsung ฝาบน 13 kg,https://www.facebook.com/marketplace/item/1511533180259437/
2007 toyota vios,https://www.facebook.com/marketplace/item/1150752056861682/
2023 mercedes-benz g63 amg,https://www.facebook.com/marketplace/item/1068719048799726/
2015 mercedes-benz c-class,https://www.facebook.com/marketplace/item/602057902951278/
2015 honda city  รุ่น s,https://www.facebook.com/marketplace/item/755193083591913/
2022 toyota fortuner,https://www.facebook.com/marketplace/item/1463963197945162/
พระบ้านเปิดเช่า3/7,https://www.facebook.com/marketplace/item/714872208065960/
1998 isuzu ดราก้อนอาย,https://www.facebook.com/marketplace/item/1069647561291131/
โดรน dji mini3,https://www.facebook.com/marketplace/item/1102781088383078/
ps4,https://www.facebook.com/marketplace/item/896622286014373/
2011 honda jazz,https://www.facebook.com/marketplace/item/1083863687028660/
1994 nissan serena,https://www.facebook.com/marketplace/item/1881314212717911/
2011 chevrolet captiva,https://www.facebook.com/marketplace/item/1247483433585279/
2015 toyota commuter,https://www.facebook.com/marketplace/item/1272387554598318/
2012 nissan murano,https://www.facebook.com/marketplace/item/1875474079694185/
realme 13 plus 5g,https://www.facebook.com/marketplace/item/1736582880286133/
ipad pro gen2 (2020)+apple pencil,https://www.facebook.com/marketplace/item/1524317945619198/
กรงนก,https://www.facebook.com/marketplace/item/2274733896275870/
2017 toyota yaris,https://www.facebook.com/marketplace/item/2231495590606569/
หมวกฟาส สีดำ,https://www.facebook.com/marketplace/item/1259602732325493/
1994 เบนซ์ w124,https://www.facebook.com/marketplace/item/1715919735709741/
เครื่องซักผ้าsamsung ฝาบน 13 kg,https://www.facebook.com/marketplace/item/1511533180259437/
2015 honda city  รุ่น s,https://www.facebook.com/marketplace/item/755193083591913/
พระบ้านเปิดเช่า3/7,https://www.facebook.com/marketplace/item/714872208065960/
2020 nissan navara np300 2.5 e king cab ฟรีดาวน์,https://www.facebook.com/marketplace/item/710863755181793/
1998 isuzu ดราก้อนอาย,https://www.facebook.com/marketplace/item/1069647561291131/
โดรน dji mini3,https://www.facebook.com/marketplace/item/1102781088383078/
ps4,https://www.facebook.com/marketplace/item/896622286014373/
2011 honda jazz,https://www.facebook.com/marketplace/item/1083863687028660/
2015 toyota commuter,https://www.facebook.com/marketplace/item/1272387554598318/
2012 nissan murano,https://www.facebook.com/marketplace/item/1875474079694185/
รองเท้า crocs,https://www.facebook.com/marketplace/item/592003643986113/
honda click 110,https://www.facebook.com/marketplace/item/929149892579806/
ลู่วิง megamax มือสอง เกรดฟิตเนส สภาพสวยกริบ,https://www.facebook.com/marketplace/item/1054718989981937/
macbook pro 15 2016,https://www.facebook.com/marketplace/item/1357807535282427/
realme 13 plus 5g,https://www.facebook.com/marketplace/item/1736582880286133/
ipad pro gen2 (2020)+apple pencil,https://www.facebook.com/marketplace/item/1524317945619198/
2017 toyota yaris,https://www.facebook.com/marketplace/item/2231495590606569/
1997 honda city,https://www.facebook.com/marketplace/item/744155111448994/
1994 เบนซ์ w124,https://www.facebook.com/marketplace/item/1715919735709741/
เครื่องซักผ้าsamsung ฝาบน 13 kg,https://www.facebook.com/marketplace/item/1511533180259437/
2007 toyota vios,https://www.facebook.com/marketplace/item/1150752056861682/
2023 mercedes-benz g63 amg,https://www.facebook.com/marketplace/item/1068719048799726/
2015 honda city  รุ่น s,https://www.facebook.com/marketplace/item/755193083591913/
พระบ้านเปิดเช่า3/7,https://www.facebook.com/marketplace/item/714872208065960/
2020 nissan navara np300 2.5 e king cab ฟรีดาวน์,https://www.facebook.com/marketplace/item/710863755181793/
โดรน dji mini3,https://www.facebook.com/marketplace/item/1102781088383078/
2022 toyota alphard,https://www.facebook.com/marketplace/item/1103773204949295/
ps4,https://www.facebook.com/marketplace/item/896622286014373/
2011 honda jazz,https://www.facebook.com/marketplace/item/1083863687028660/
2015 toyota commuter,https://www.facebook.com/marketplace/item/1272387554598318/
2012 nissan murano,https://www.facebook.com/marketplace/item/1875474079694185/
ลู่วิง megamax มือสอง เกรดฟิตเนส สภาพสวยกริบ,https://www.facebook.com/marketplace/item/1054718989981937/
macbook pro 15 2016,https://www.facebook.com/marketplace/item/1357807535282427/
realme 13 plus 5g,https://www.facebook.com/marketplace/item/1736582880286133/
airpods max,https://www.facebook.com/marketplace/item/1075525741378323/
ipad pro gen2 (2020)+apple pencil,https://www.facebook.com/marketplace/item/1524317945619198/
โดรน dji mini3,https://www.facebook.com/marketplace/item/1102781088383078/
2022 toyota alphard,https://www.facebook.com/marketplace/item/1103773204949295/
panasonic dmc-gf7,https://www.facebook.com/marketplace/item/1704182896900257/
ps4 slim 1 tb,https://www.facebook.com/marketplace/item/652546871135104/
ipad pro 12.9,https://www.facebook.com/marketplace/item/1656174595100692/
3 ห้องนอน 3 ห้องน้ำ - บ้าน,https://www.facebook.com/marketplace/item/1253303279626888/
macbook pro 15 2016,https://www.facebook.com/marketplace/item/1357807535282427/
ลู่วิง megamax มือสอง เกรดฟิตเนส สภาพสวยกริบ,https://www.facebook.com/marketplace/item/1054718989981937/
honda click 110,https://www.facebook.com/marketplace/item/929149892579806/
2020 nissan navara np300 2.5 e king cab ฟรีดาวน์,https://www.facebook.com/marketplace/item/710863755181793/
ที่ดินเปล่า,https://www.facebook.com/marketplace/item/10087774011304744/
รองเท้า crocs,https://www.facebook.com/marketplace/item/592003643986113/
2011 chevrolet captiva,https://www.facebook.com/marketplace/item/1247483433585279/
พระบ้านเปิดเช่า3/7,https://www.facebook.com/marketplace/item/714872208065960/
2010 toyota commuter,https://www.facebook.com/marketplace/item/1262849301890710/
2 beds 2 baths - townhouse,https://www.facebook.com/marketplace/item/977061524335460/
ps4 fat 500gb 1100a,https://www.facebook.com/marketplace/item/589223143999544/
airpods max,https://www.facebook.com/marketplace/item/1075525741378323/
macbook pro  13 2020 touch bar ssd 512gb. space gray พร้อมเคส uag,https://www.facebook.com/marketplace/item/1240219604258171/
ipad pro m1,https://www.facebook.com/marketplace/item/1203035034840331/
r36s สีแดง,https://www.facebook.com/marketplace/item/1710838922907512/
2015 mercedes-benz c-class,https://www.facebook.com/marketplace/item/602057902951278/
2023 mercedes-benz g63 amg,https://www.facebook.com/marketplace/item/1068719048799726/
พระบ้าน,https://www.facebook.com/marketplace/item/1478906053468239/
nintendo switch v.1,https://www.facebook.com/marketplace/item/1138971421591988/
2007 toyota vios,https://www.facebook.com/marketplace/item/1150752056861682/
ขาย iphone 12 ขนาด 64gb,https://www.facebook.com/marketplace/item/1387503002307079/
2 ห้องนอน 2 ห้องน้ำ - บ้าน,https://www.facebook.com/marketplace/item/773895554995059/
2017 bmw x1,https://www.facebook.com/marketplace/item/3551185478510954/
หัวชาร์จเร็ว ko71120w 3.0 usb fast charger type c quick charge charger adapter,https://www.facebook.com/marketplace/item/722938820508155/
สายชาร์จแบบสั้น hoco cable usb to lightning “x35 premium” charging data syn,https://www.facebook.com/marketplace/item/731472162866371/
⚡️ **ชาร์จเร็ว ชาร์จแรง ชาร์จปลอดภัย กับ 𝐏𝐨𝐰𝐞𝐫 𝐁𝐚𝐧𝐤 𝐏𝐨𝐰𝐞𝐫 𝐏𝐥𝐮𝐬 𝟑𝐢𝐧𝟏!**🔌,https://www.facebook.com/marketplace/item/1065852008400232/
จ่ายไฟ 7.5w สำหรับ phone และ 15w สำหรับ android รองรับอุปกรณ์หลากหลาย,https://www.facebook.com/marketplace/item/667038789334841/
ขายต่อ orsen ew54 รุ่นใหม่ล่าสุด,https://www.facebook.com/marketplace/item/725114790049427/
รุ่นใหม่ รองรับ qi2 wireless charger ใช้งานง่ายขึ้น,https://www.facebook.com/marketplace/item/1700359673850631/
ldnio 3in1 mobile charging kit cc200 ชาร์จเร็ว ของแท้ 100% ซื้อ 1 ได้ 3 คุ้มที่สุด,https://www.facebook.com/marketplace/item/1901193684046886/
กล่องถ่ายภาพสินค้า : light room box ขนาด 22.6x23x 24cm-ฉากหลังสีขาว+ดำ (led kit+micro usb),https://www.facebook.com/marketplace/item/521631600939387/
ไฟฉายแรงสูง ลด50%,https://www.facebook.com/marketplace/item/1162244058972946/
ไฟฉาย เพาว์เวอร์แบงก์ด้วย,https://www.facebook.com/marketplace/item/1233375065170057/
จั้มสตาร์ท o.m.y. jx28,https://www.facebook.com/marketplace/item/1029569228707379/
กล่องถ่ายภาพสินค้า : light room box ขนาด 22.6x23x 24cm-ฉากหลังสีขาว+ดำ (led kit+micro usb),https://www.facebook.com/marketplace/item/1326395482113637/
ดีไซน์ที่เก็บสายชาร์จ ป้องกันสายหล่นหาย พกพาได้อย่างเป็นระเบียบ,https://www.facebook.com/marketplace/item/713011174925549/
⚡จัดส่งฟรี🏁ที่ชาร์จแบตในรถแบบ dual usb qc3.0 ที่ชาร์จแบตในรถสำหรับ samsung xiaomi huawei android ch,https://www.facebook.com/marketplace/item/561846496219852/
ugreen nano pouch กระเป๋า  ถุงผ้า ซักได้ มีหูรูดปิด ใช้เช็ดหน้าจอมือถือ ใหม่ยังไม่ผ่านการใช้งาน,https://www.facebook.com/marketplace/item/1299605835041595/
ชาร์จไร้สายสูงสุด 15w เติมพลังให้โทรศัพท์ได้อย่างลื่นไหล,https://www.facebook.com/marketplace/item/1885150438923237/
stellar ตู้เชื่อมไฟฟ้า inverter igbt mma-650s + มีเก็บเงินปลาย + ประกันสินค้า + ส่งฟรี,https://www.facebook.com/marketplace/item/1349013566534516/
ไฟฉายแรงสูง top power,https://www.facebook.com/marketplace/item/480888898165195/
vergin 2 in 1 > ชุดจั๊มสตาร์ท แบตรถยนต์ แบบพกพา,https://www.facebook.com/marketplace/item/667626659608695/
"มาตรฐานสากล ce, fcc, rohs, มั่นใจในคุณภาพ",https://www.facebook.com/marketplace/item/573081155746293/
inntech ตู้เชื่อม inverter + ส่งฟรี + มีเก็บเงินปลายทาง + มีประกันสินค้า ของแท้ 100 %,https://www.facebook.com/marketplace/item/607594475234476/
สายชาร์จแบบสั้น hoco cable usb to micro-usb “x35 premium” charging data sync,https://www.facebook.com/marketplace/item/2107258603097370/
stellar ตู้เชื่อมไฟฟ้า inverter igbt mma-650s + มีเก็บเงินปลาย + ประกันสินค้า + ส่งฟรี,https://www.facebook.com/marketplace/item/2416904531986413/
รับซื้อแบตลิเธียม,https://www.facebook.com/marketplace/item/1260992098965220/
output type-c กำลังไฟสูงสุด 45w ใช้งานกับอุปกรณ์ได้หลายประเภท,https://www.facebook.com/marketplace/item/9122644034530244/
oker sp-525 ลำโพง bluetooth multimedia desktop speaker micro 2.1,https://www.facebook.com/marketplace/item/762106349530369/
💥ชุดพ่วงแบตรถยนต์)มีคู่มือใช้งาน เครื่องพร้อมสาย ✅พ่วงแบตเตอรี่ รถยนต์ อเนกประสงค์ ปลอดภัย,https://www.facebook.com/marketplace/item/1346989869982564/
delton ตู้เชื่อมไฟฟ้า inverter + มีเก็บเงินปลาย + ประกันสินค้า + ส่งฟรี,https://www.facebook.com/marketplace/item/1375433790118393/
randyหัวชาร์จ5usb quickchargeปลั๊กusbประกัน2ปี หัวชาร์จusb ปลั๊กพ่วงusb chargerชาร์จเร็ว อะแดปเตอร์,https://www.facebook.com/marketplace/item/1316450443846477/
สายชาร์จแบบสั้น hoco cable usb to type-c “x35 premium” charging data sync,https://www.facebook.com/marketplace/item/728225793436605/
magsafe iphone ขนาดพกพา สามารถใช้ได้ตั้งแต่รุ่น 8-15 promax เป็นการชาร์จไร้สายแม่เหล็กที่รวดเร็ว,https://www.facebook.com/marketplace/item/702025592552266/
เครื่องสำรองไฟ ups,https://www.facebook.com/marketplace/item/705419738657248/
💥ชุดพ่วงแบตรถยนต์)มีคู่มือใช้งาน เครื่องพร้อมสาย ✅พ่วงแบตเตอรี่ รถยนต์ อเนกประสงค์ ปลอดภัย  ทนทาน,https://www.facebook.com/marketplace/item/1541689546543317/
พาวเวอแบ้ง,https://www.facebook.com/marketplace/item/2010830159432443/
power changes 160w gan ของใหม่,https://www.facebook.com/marketplace/item/1366956887716697/
"(ของใหม่มือ1) แบตและแท่นชาร์จ สำหรับกล้อง sony zv-e10, a7ii, a7sii, a6500, a6000, a6400, a6300, a610",https://www.facebook.com/marketplace/item/637073115955846/
ใหม่ๆ orsen by eloop ew54 10000mah,https://www.facebook.com/marketplace/item/1056117983102185/
ugreen usb - micro usb cable สาย usb - micro usb คุณภาพสูง รองรับชาร์จเร็ว และการถ่ายโอนข้อมูลเร็ว,https://www.facebook.com/marketplace/item/581447151696103/
เหมาๆหลายรายการ ทั้งหมดจัดของใช้ไอทีคอมและมือถือ ใช้งานได้ทุกอย่าง,https://www.facebook.com/marketplace/item/1010954421169932/
รองรับ pd และ qc 3.0 สูงสุด 45w ชาร์จอุปกรณ์ได้อย่างเต็มประสิทธิภาพ,https://www.facebook.com/marketplace/item/2418677555164048/
magsafe iphone ขนาดพกพา สามารถใช้ได้ตั้งแต่รุ่น 8-15 promax เป็นการชาร์จไร้สายแม่เหล็กที่รวดเร็ว 15w,https://www.facebook.com/marketplace/item/1429290958104991/
กล่อง fuel bank evo ii กล่องตัดคลื่นไฟฟ้ารบกวน สภาพสวยๆ มีรับประกัน,https://www.facebook.com/marketplace/item/1209779606748249/
ปั้มน้ำ usb,https://www.facebook.com/marketplace/item/1835989283940180/
สายชาร์จแบบสั้น hoco cable usb to type-c “x35 premium” charging data sync,https://www.facebook.com/marketplace/item/1168154305026876/
ugreen usb-a to usb-c cable คุณภาพสูง รองรับชาร์จเร็ว และการถ่ายโอนข้อมูลเร็ว ของใหม่,https://www.facebook.com/marketplace/item/2494481240885177/
พาว์เวอร์แบงค์,https://www.facebook.com/marketplace/item/706854698833909/
แบตเตอร์รี่มือ2,https://www.facebook.com/marketplace/item/582919091538954/
เพาเวอร์ซัพพลาย 450 วัตต์ สภาพดี ใช้ได้ปกติ ตัวละ 200.-,https://www.facebook.com/marketplace/item/649894888085876/
หูฟังบูทู้ต พาเวอร์แบ้ง3ก้อน,https://www.facebook.com/marketplace/item/745994138104223/
เพราเวอร์แบงค์ หูฟังบลูทูธ,https://www.facebook.com/marketplace/item/3130167780472934/
พาวเวอร์,https://www.facebook.com/marketplace/item/709362385058089/
ขายสวิทชิ่ง 14 โวลท์ 38 แอมป์(จ.สมุทรสาคร),https://www.facebook.com/marketplace/item/2123341934828583/
ชุดชาร์จมือถือกับมอไซค์ ส่งฟรี,https://www.facebook.com/marketplace/item/1639469073390721/
อีควอไรเซอร์แบบมีพาวเวอร์แอมในตัว,https://www.facebook.com/marketplace/item/4832242390356442/
แบคสำรอง orsen by eloop,https://www.facebook.com/marketplace/item/1041404757951438/
เพาเวอร์ 550w(dtech),https://www.facebook.com/marketplace/item/4080502088889374/
ae-999.4,https://www.facebook.com/marketplace/item/1241663420328276/
ขาย พาวเวอร์แบ้ง คละรุ่น ราคาถุก,https://www.facebook.com/marketplace/item/1331312764746271/
แอมป์จิ๋ว tb21 ชิปใหญ่,https://www.facebook.com/marketplace/item/748690634482568/
แปลงไฟรถ12vเป็นไฟบ้าน220เสียบที่จุดบุหรี่,https://www.facebook.com/marketplace/item/684907734552626/
cceพาวเวอร์แอมป์รถยนต์ class ab 4ch เพาเวอร์รถยนต์ พาวเวอร์แอมป์ เพาเวอร์4แชลแนล เพาเวอร์4ชาแนล dt-,https://www.facebook.com/marketplace/item/1067645515461851/
ส่งฟรี.ชาร์จแบตรถ...มีปลายทาง,https://www.facebook.com/marketplace/item/1256718712629740/
ไฟฉาย ชาร์จได้ พร้อมกล่องและสายชาร์จ เก็บปลายทาง,https://www.facebook.com/marketplace/item/759176396579783/
matador พาวเวอร์แอมป์รถยนต์ class ab 4ch เพาเวอร์รถยนต์ พาวเวอร์แอมป์ เพาเวอร์4แชลแนล เพาเวอร์4ชาแน,https://www.facebook.com/marketplace/item/2269341436864118/
เพาเวอร์แอมป์ 4 channel world trade,https://www.facebook.com/marketplace/item/1455672392292179/
แบตลิเธียม 12v 9000mah,https://www.facebook.com/marketplace/item/1114419457177174/
พาเวอร์แบงค์ 15000แอมป์,https://www.facebook.com/marketplace/item/1378800376440692/
พาวเวอร์แอม,https://www.facebook.com/marketplace/item/583921734716928/
เพาเวอร์แบง(10000ma/37wh),https://www.facebook.com/marketplace/item/1495762874726394/
เครื่องพาเวอร์,https://www.facebook.com/marketplace/item/1042069778069973/
พาวเวอแบงค์,https://www.facebook.com/marketplace/item/1081125357275651/
พาวเวอร์ซัพพลาย 400w,https://www.facebook.com/marketplace/item/1455468929214466/
พาวเวอร์แอมป์,https://www.facebook.com/marketplace/item/2954158148099136/
แอมป์จิ๋ว! tb21 ชิปใหญ่,https://www.facebook.com/marketplace/item/24345504521720229/
class d ae-4380,https://www.facebook.com/marketplace/item/1637527570167708/
พาวเวอร์​ 800w​,https://www.facebook.com/marketplace/item/1079425944117127/
พาวเวอร์ มือ1 (ซื้อไม่ตรงกับรุ่นโทรศัพท์ เลยขาย,https://www.facebook.com/marketplace/item/712402901584078/
ส่งฟรี‼️usb ชาร์จแบตฯมือถือ12v,https://www.facebook.com/marketplace/item/1264822988617929/
เครื่องสำรองไฟ เสียบไฟติด เสียบปลั๊กข้างหลังได้  แบตเตอรี่ไม่เก็บไฟ ที่เเหลือไม่ทราบอาการครับ,https://www.facebook.com/marketplace/item/1383667092848425/
"ขายพาเวอร์แบงค์ต่อครับความจุ 10,000 ชาร์จไว 22.5 w นัดรับได้",https://www.facebook.com/marketplace/item/1242792967497121/
เพาเวอร์แบ้งค์,https://www.facebook.com/marketplace/item/1404715974158318/
เพาเวอร์ 55w(atom v550),https://www.facebook.com/marketplace/item/1013640373939725/
"เพาว์เวอร์แบงค์ pgr 10,000mah",https://www.facebook.com/marketplace/item/1257848799300827/
แบตลิเธียม 12v 3000mah,https://www.facebook.com/marketplace/item/1429140354896439/
พาวเวอร์ 4ch,https://www.facebook.com/marketplace/item/1233480044806718/
hp power supply สภาพใหม่ พาวเวอร์ซัพพลาย cfh0240awwa ประกัน 1 เดือน,https://www.facebook.com/marketplace/item/1216630133525896/
สายac powerมือ2 กับสายlan 100รวมส่งครับ,https://www.facebook.com/marketplace/item/4036840719899360/
✨โปรสุดคุ้ม✨เครื่องชาร์จแบตเตอรี่อัจฉริยะ > > ส่งฟรี มีปลายทาง,https://www.facebook.com/marketplace/item/1793449548219906/
พาวเวอร์พร้อมตัวจูน เสียง,https://www.facebook.com/marketplace/item/1270136094474447/
เซิร์ฟสเกิร์ต มีไฟ,https://www.facebook.com/marketplace/item/941135804858124/
พาวเวอแบ้ง,https://www.facebook.com/marketplace/item/2010830159432443/
แอมป์ปลั๊ก,https://www.facebook.com/marketplace/item/656467420749315/
พาวเวอร์แบงแท้ 15000แอม,https://www.facebook.com/marketplace/item/600259579269686/
ใหม่ๆ orsen by eloop ew54 10000mah,https://www.facebook.com/marketplace/item/1056117983102185/
kuulaa สายusb-c to 3.5mmตัวผู้ ยาว1.5เมตร ใช้ได้กับ huawei xiaomi ของใหม่มือหนึ่ง จัดส่งฟรี,https://www.facebook.com/marketplace/item/1111927757662342/
🔥🔥🔥พาวเวอร์​แบงค์​ มีled พร้อมส่ง,https://www.facebook.com/marketplace/item/1020208943412315/
เพาเวอร์แบ้ง,https://www.facebook.com/marketplace/item/1461063661555927/
บอย,https://www.facebook.com/marketplace/item/1769252633673173/
อุปกรณ์ส่องสว่าง,https://www.facebook.com/marketplace/item/1433811761097003/
ของมาใหม่พร้อมส่ง orsen by eloop,https://www.facebook.com/marketplace/item/1502322554484039/
พาวเวอร์ซัพพลาย12v,https://www.facebook.com/marketplace/item/1671274813512339/
เครื่องสำรองไฟ ubs,https://www.facebook.com/marketplace/item/1979698936198078/
power supply ปรับ โวลท์ และ แอมป์ได้,https://www.facebook.com/marketplace/item/1077624807662498/
ตู้ไฟสำรอง,https://www.facebook.com/marketplace/item/754691997095086/
พาวน์เวอร์แบง,https://www.facebook.com/marketplace/item/3928493114083720/
xt60 5 คู่ 10 ชิ้น ขั้วต่อแบต แบตเตอรี่ rc ปลั๊กเสียบปลั๊ก,https://www.facebook.com/marketplace/item/1239256057930937/
"แบตฯลิโพ6s3.2 โวลท์ 10,000 ah",https://www.facebook.com/marketplace/item/23924218023937618/
ที่เก็บสำรองข้อมูล acer,https://www.facebook.com/marketplace/item/1231765631307693/
💥จัดส่ง 24 ชม. จากไทย จั๊มสตาร์ทรถยนต์พกพา พร้อม 4 พอร์ต  อเนกประสงค์ ปลอดภัย ใช้งานง่าย ทนทาน,https://www.facebook.com/marketplace/item/588927314057105/
pocket wifi aircard wifi modem 4g lte 150 mbpsusb #b ตัวปล่อยสัญญาณไวไฟ ใส่ซิม ใช้ง่าย,https://www.facebook.com/marketplace/item/472584912471421/
จัดส่งฟรี ‼️ ไฟฉาย ไฟฉายแรงสูง ไฟฉายความสว่างสูง ชาร์จแบตได้ ปรับได้ 3 รูปแบบ ส่องได้ไกล กันน้ำ,https://www.facebook.com/marketplace/item/2219637691792533/
ouku uk25 หูฟังบลูทูธ tws wireless headset หูฟังไร้สาย เชื่อมต่อง่าย ใช้งานสะดวก ของแท้ 100%,https://www.facebook.com/marketplace/item/1072958398073365/
สติกเกอร์ uv dtf,https://www.facebook.com/marketplace/item/731505390038009/
พร้อมส่ง ไฟวอร์มไวท์ 7เมตร ไฟประดับเต้นท์ ไฟตกแต่งห้อง ไฟเชอรี่ camping แค้มป์ แค้มป์ปิ้ง แคมป์,https://www.facebook.com/marketplace/item/1741458386719274/
พัดลม fan mini remax f12 2000mah พัดลมพกพา ปรับความแรงได้ 2 ระดับ แข็งแรง ทนทาน,https://www.facebook.com/marketplace/item/1267606434908944/
pocket wifi aircard wifi modem 4g lte 150 mbps usb,https://www.facebook.com/marketplace/item/1733184430586833/
ขายกล้อง hawkeye thumb2 มือสอง (ไม่มีเมมแถม),https://www.facebook.com/marketplace/item/973962217955618/
ไฟฉาย เพาว์เวอร์แบงก์ด้วย,https://www.facebook.com/marketplace/item/1233375065170057/
กล่องถ่ายภาพสินค้า : light room box ขนาด 22.6x23x 24cm-ฉากหลังสีขาว+ดำ (led kit+micro usb),https://www.facebook.com/marketplace/item/1326395482113637/
ไฟฉายสปอร์ตไลท์ hy-7006 (xml-t6),https://www.facebook.com/marketplace/item/1243112957441813/
magsafe iphone ขนาดพกพา สามารถใช้ได้ตั้งแต่รุ่น 8-15 promax เป็นการชาร์จไร้สายแม่เหล็กที่รวดเร็ว,https://www.facebook.com/marketplace/item/4042296699431609/
ขาย box set xiaomi 15 o มือหนึ่ง ไม่แกะซีล พร้อมลำโพง sound bar,https://www.facebook.com/marketplace/item/596163160200940/
"สินค้ามือสอง ใช้ได้,งานช่าง,งานอะไหล่ เลือกดูได้ครับ",https://www.facebook.com/marketplace/item/1377013543526694/
แถมสาย usb ส่งฟรีได้ตามภาพกระเป๋าเป้สะพายหลังเซต 3 ใบ มีช่องต่อ usb ออกแบบทันสมัย ใส่ notebook ได้,https://www.facebook.com/marketplace/item/2163957857397668/
ของสะสม,https://www.facebook.com/marketplace/item/1021370130175751/
vergin จั๊มสตาร์ทรถยนต์ เครื่องชาร์จรถยนต์แบบพกพา จััมพ์สตาร์ท,https://www.facebook.com/marketplace/item/1388602719044946/
รางชาร์จถ่านawtแท้/เครื่องชาร์จถ่านawt,https://www.facebook.com/marketplace/item/1760407154536586/
(พร้อมส่ง) 🇹🇭pocket wifi aircard wifi modem 4g lte 150 mbpsusb #b ตัวปล่อยสัญญาณไวไฟ ใส่ซิม,https://www.facebook.com/marketplace/item/605814609162805/
magsafe iphone ขนาดพกพา สามารถใช้ได้ตั้งแต่รุ่น 8-15 promax เป็นการชาร์จไร้สายแม่เหล็กที่รวดเร็ว,https://www.facebook.com/marketplace/item/1277883147317008/
💥ชุดพ่วงแบตรถยนต์)มีคู่มือใช้งาน เครื่องพร้อมสาย ✅พ่วงแบตเตอรี่ รถยนต์ อเนกประสงค์ ปลอดภัย,https://www.facebook.com/marketplace/item/1346989869982564/
สวิทชิ่ง 14 โวลท์,https://www.facebook.com/marketplace/item/1143266063513448/
เครื่องสำรองไฟ ups,https://www.facebook.com/marketplace/item/705419738657248/
💥ชุดพ่วงแบตรถยนต์)มีคู่มือใช้งาน เครื่องพร้อมสาย ✅พ่วงแบตเตอรี่ รถยนต์ อเนกประสงค์ ปลอดภัย  ทนทาน,https://www.facebook.com/marketplace/item/1541689546543317/
ใหม่ๆ orsen by eloop ew54 10000mah,https://www.facebook.com/marketplace/item/1056117983102185/
pocket wifi aircard wifi modem 4g lte 150 mbps usb,https://www.facebook.com/marketplace/item/692431293614556/
4g lte cpe lx800 เราท์เตอร์ใส่ซิม,https://www.facebook.com/marketplace/item/709159835298814/
bonitare (ของแท้ มีประกัน จากไทยพร้อมส่ง) พัดลมแคมป์ปิ้ง ลมแรง แบตอึด,https://www.facebook.com/marketplace/item/1495233431432436/
กล่องถ่ายภาพสินค้า : light room box ขนาด 22.6x23x 24cm-ฉากหลังสีขาว+ดำ (led kit+micro usb),https://www.facebook.com/marketplace/item/1835939116965483/
magsafe iphone ขนาดพกพา สามารถใช้ได้ตั้งแต่รุ่น 8-15 promax เป็นการชาร์จไร้สายแม่เหล็กที่รวดเร็ว 15w,https://www.facebook.com/marketplace/item/1429290958104991/
โปรแรง  เครื่องปั่นน้ำผลไม้ รุ่นhm-03 แก้วปั่นน้ำผลไม้ แบบพกพา ชาร์ทไฟ usb chargeส่งด่วน,https://www.facebook.com/marketplace/item/1290934638847989/
